"last_name, first_name",player_id,year,p_win,p_loss,p_era,xwoba,sweet_spot_percent,barrel_batted_rate,hard_hit_percent,avg_best_speed,avg_hyper_speed,whiff_percent,swing_percent
"Blanco, Ronel",669854,2025,3,4,4.10,0.279,25.2,8.4,30.5,74.409075313,92.826420709,32,47.6
"Holton, Tyler",663947,2025,6,5,3.66,0.303,31.2,8.2,37.7,75.511923982,94.106642522,24.6,47.6
"Gausman, Kevin",592332,2025,10,11,3.59,0.301,35,8.5,41.4,78.114323042,94.522007833,26.4,51.6
"Fernandez, Ryan",681676,2025,0,4,7.71,0.313,30.3,11.2,43.8,78.815764667,94.366684607,32.1,50
"Mikolas, Miles",571945,2025,8,11,4.84,0.351,34,12.7,41.8,77.808310802,94.601714237,16.5,48
"Eovaldi, Nathan",543135,2025,11,3,1.73,0.272,31.4,7.4,38.5,77.481805,93.954033855,27.7,50.7
"Olson, Reese",681857,2025,4,4,3.15,0.313,36.8,7.4,44.7,81.731139149,95.248943138,29.7,44.4
"Festa, Matt",670036,2025,5,4,4.12,0.290,36,6,34,76.399022192,93.278516621,27.3,51.5
"Rea, Colin",607067,2025,11,7,3.95,0.329,38.8,10.3,41,79.312181125,94.443682505,22,47.6
"Rogers, Tyler",643511,2025,4,6,1.98,0.256,26,2.1,33.1,73.504614202,93.082203445,15.9,54.6
"Flexen, Chris",623167,2025,5,1,3.09,0.346,34.7,9,41.7,81.779611408,94.462315177,16.7,49.8
"Finnegan, Kyle",640448,2025,4,4,3.47,0.278,32.5,7.8,42.9,80.162518158,94.625118344,24.6,50
"Ferguson, Caleb",657571,2025,5,4,3.58,0.291,35.6,3.1,27.7,72.885195806,92.37738129,21.4,47.9
"Nicolas, Kyle",693312,2025,1,2,4.74,0.316,32.7,7.1,38.9,79.652483571,94.404391607,29.4,47.5
"Lynch IV, Daniel",663738,2025,6,2,3.06,0.329,28.3,8,42.5,76.90873625,94.451533462,22.3,42.9
"Banks, Tanner",621383,2025,6,2,3.07,0.303,40.4,7.8,36.8,76.441604574,93.663802872,21.9,50.1
"Matsui, Yuki",673513,2025,3,1,3.98,0.313,30.5,9,37.3,77.594650455,93.797769716,30.3,49
"Bernardino, Brennan",657514,2025,4,3,3.14,0.287,28.5,7.3,35.8,75.546172973,93.832306486,19.3,43.6
"Dodd, Dylan",689266,2025,1,0,3.60,0.289,27,8,48,78.0371262,95.3824356,30.9,54.3
"King, Bryan",687911,2025,5,4,2.78,0.274,33,5.8,36.1,78.054802766,93.54020385,24.4,49.7
"King, Michael",650633,2025,5,3,3.44,0.320,35.1,11.4,38.1,75.256827327,94.366145373,25.8,44.1
"Yates, Kirby",489446,2025,4,3,5.23,0.318,36.1,13,42.6,76.198084259,94.658953178,35.3,51.3
"Littell, Zack",641793,2025,10,8,3.81,0.323,32.7,9.9,40.9,80.190668797,94.458762186,20.4,51.8
"Elder, Bryce",693821,2025,8,11,5.30,0.335,34,7.7,43.8,78.82004177,94.988058103,22.5,46.3
"Brash, Matt",666374,2025,1,3,2.47,0.282,31.4,5.8,30.6,75.095696034,93.324825862,30.9,42.1
"Buttó, José",676130,2025,5,3,3.90,0.328,29.8,9.4,39.8,79.676354421,94.558922063,28.8,47.2
"Smith-Shawver, AJ",700363,2025,3,2,3.86,0.379,41.4,12.5,50.8,80.383414444,95.756931587,27.1,46.3
"Bachar, Lake",669199,2025,8,2,3.93,0.327,38.3,10.6,41.5,80.383076196,94.506561793,30.2,46.3
"Rodriguez, Eduardo",593958,2025,9,9,5.02,0.328,35.8,8.2,35.2,76.814734292,93.89951643,23,47.1
"Irvin, Jake",663623,2025,9,13,5.70,0.360,34.8,11.9,47.1,79.313724864,95.158643027,18.2,46.8
"Harris, Hogan",663687,2025,2,1,3.20,0.305,34.8,5.6,32.6,77.910871023,93.049922557,23,45.6
"Hoglund, Gunnar",680684,2025,1,3,6.40,0.408,36.2,16.2,45.7,82.198187547,96.00007381,22,45.7
"Kahnle, Tommy",592454,2025,1,5,4.43,0.328,32.4,9.2,37.3,77.436664348,93.764634946,25.4,43.7
"Gaddis, Hunter",683769,2025,2,2,3.11,0.298,34.1,9.5,39.1,79.689629318,94.667482443,32.2,50.9
"Jacob, Alek",689690,2025,1,0,5.13,0.344,34.5,7.3,31.8,70.744602909,92.803120092,21.3,45.7
"Booser, Cam",592155,2025,2,4,5.52,0.326,36.8,13.8,42.5,80.27361381,95.090481786,30,47.3
"Brown, Hunter",686613,2025,12,9,2.43,0.277,31.4,5.9,32.2,73.816626184,93.243178596,27.8,44.8
"Erceg, Lucas",668674,2025,8,4,2.64,0.305,27.9,7.3,37.4,77.802849663,94.233063785,24.7,48.7
"Montero, Keider",672456,2025,5,3,4.37,0.333,37.7,8.1,39.4,78.2070475,94.272348602,19.8,47.7
"Gomber, Austin",596295,2025,0,7,7.49,0.372,38.6,14.5,39.5,76.183386514,94.163679539,15.9,49
"Ashcraft, Graham",668933,2025,8,5,3.99,0.290,30.3,4.1,32.3,71.427445106,93.12468016,29.8,50
"Rodríguez, Yariel",684320,2025,3,2,3.08,0.317,39.6,9.4,35.9,74.039525263,93.477406085,27.5,45.6
"Lopez, Jacob",682052,2025,7,7,4.08,0.297,39,6.6,33.2,75.241919153,93.259499619,28.3,45.6
"O'Brien, Riley",676617,2025,3,1,2.06,0.298,27.2,3.2,34.4,73.0882395,93.31006925,24.6,45.1
"Myers, Tobias",668964,2025,1,2,3.55,0.324,32.7,6.7,44.8,80.333098049,94.68101638,21.4,51
"Glasnow, Tyler",607192,2025,4,3,3.19,0.285,33.2,7.9,37.4,77.428044393,93.680485164,28.2,42.4
"Sterner, Justin",686993,2025,4,3,3.18,0.285,33.5,9.6,38.9,79.729549881,94.196491916,30.8,50
"McLean, Nolan",690997,2025,5,1,2.06,0.293,31,8,43.4,77.761978772,94.963544071,28.4,42.4
"Pérez, Eury",691587,2025,7,6,4.25,0.281,31.8,9,46.5,79.803726066,95.063994016,28.4,50.3
"Kerkering, Orion",689147,2025,8,4,3.30,0.298,36.5,6.5,33.5,73.900155357,93.028676407,23.7,42.9
"Simpson, Josh",681006,2025,4,2,7.34,0.333,29.2,6.7,44.9,79.500046444,95.10063382,26.1,45.7
"Fried, Max",608331,2025,19,5,2.86,0.287,29.6,6.9,37.2,74.884362841,93.857707638,26.6,46.9
"Abbott, Andrew",671096,2025,10,7,2.87,0.294,34.8,8,33.7,77.083824,93.25435499,24,50
"Pivetta, Nick",601713,2025,13,5,2.87,0.310,36.4,10.9,45,79.736148771,94.701402267,24.6,47.7
"Gilbert, Tyler",656457,2025,4,2,3.88,0.313,35,10,40.7,80.02792087,94.180523139,26.2,46.8
"Keller, Mitch",656605,2025,6,15,4.19,0.326,34.6,7.8,43.8,79.4512197,94.723694728,20.6,48.5
"Holmes, Clay",605280,2025,12,8,3.53,0.322,30.5,6.8,42.3,78.369750081,94.822225709,22.1,44.8
"Thompson, Ryan",657044,2025,3,2,3.92,0.296,30.6,8.1,40.3,78.281544839,94.890948145,25.3,48.6
"Garcia, Rico",670329,2025,0,2,3.15,0.280,27.7,7.4,42.6,73.883420638,94.043402366,30.7,50.5
"Rodón, Carlos",607074,2025,18,9,3.09,0.286,32.3,7.5,38.9,77.269631895,94.179910283,30.3,45.5
"Hoffman, Jeff",656546,2025,9,7,4.37,0.301,31.4,12.8,39.5,77.817843765,94.667665118,31.6,50.7
"Rodríguez, Randy",678495,2025,3,5,1.78,0.251,27.6,7.8,36.2,74.880712931,93.639142783,31.1,49.8
"Halvorsen, Seth",678020,2025,1,2,4.99,0.324,29.3,9.5,39.7,77.340176667,94.422480442,29.4,48.1
"Miller, Erik",669062,2025,4,1,1.50,0.330,30.1,3.6,32.5,77.48305225,93.1156705,30.7,47.3
"Zeferjahn, Ryan",666171,2025,6,5,4.74,0.321,38.6,10.3,37.2,77.010090845,93.863811135,30.3,45.3
"Wilson, Bryse",669060,2025,0,2,6.65,0.422,39.1,10.9,45.4,80.332000824,95.450946154,16.7,47
"López, Pablo",641154,2025,5,4,2.74,0.309,39.5,6,35.3,77.770456355,93.87682108,25.9,48.5
"Romero, JoJo",668941,2025,4,6,2.07,0.291,28.6,7.1,35.1,75.560028293,93.63772638,27,41.5
"Henriquez, Ronny",678692,2025,7,1,2.22,0.270,33.9,10.9,42.5,76.803106744,94.152020702,36,49.4
"Rogers, Trevor",669432,2025,9,3,1.81,0.288,31.5,7.6,48.4,77.857441469,95.210002667,25.6,52.9
"Alexander, Tyler",641302,2025,5,14,4.98,0.332,37.3,5.8,39.6,77.131036107,94.163849394,21.5,48.8
"Bender, Anthony",669622,2025,3,5,2.16,0.294,23.7,7.2,44.6,78.707356957,94.508008759,20.6,41.5
"Blalock, Bradley",687134,2025,2,6,9.36,0.409,36.5,12.2,45.9,80.714571545,95.462649636,15.9,47.5
"Cleavinger, Garrett",664076,2025,2,6,2.35,0.281,34.6,5.9,41.2,76.393978485,94.963080076,36,49.5
"Castillo, Luis",622491,2025,11,8,3.54,0.312,32.1,10.4,46.4,79.249648523,95.089940152,24.6,51.6
"Verlander, Justin",434378,2025,4,11,3.85,0.319,37.3,8.1,37,77.701988918,93.938797983,24.8,48.8
"Hurter, Brant",676428,2025,4,3,2.43,0.297,32.2,3.5,36.8,76.585990361,93.552781024,26,44.2
"Keller, Brad",641745,2025,4,2,2.07,0.262,29.5,5.8,30.6,75.762503605,92.819687251,26.9,45.1
"Agnos, Zach",688642,2025,1,3,6.61,0.384,31.4,12.7,44.1,78.4800142,94.796081919,29.4,48.4
"Bivens, Spencer",702352,2025,4,3,4.00,0.314,28.6,7.1,37.3,75.871326855,93.556352177,17,49.1
"Cabrera, Edward",665795,2025,8,7,3.53,0.312,31.1,8.6,46.4,79.023723514,95.170167541,29.4,45.1
"Lucchesi, Joey",664192,2025,0,1,3.76,0.293,25.8,6.7,31.7,77.249338305,93.461507094,19.6,45.1
"Wrobleski, Justin",680736,2025,5,5,4.32,0.289,30.4,3.8,47.8,81.742858778,95.696025111,24.6,50.6
"Cabrera, Génesis",650893,2025,0,1,6.54,0.333,32.6,11.4,42.4,78.548698182,94.615786212,27.1,48
"Seymour, Ian",693855,2025,4,3,3.63,0.308,39.7,7.1,37.8,77.591748553,93.983770066,27,49.5
"Gore, MacKenzie",669022,2025,5,15,4.17,0.322,35.9,10.6,44.1,79.811918815,94.95579848,29.7,49.4
"Pomeranz, Drew",519141,2025,2,2,2.17,0.291,34.9,8.7,42.9,79.760165397,94.62131056,24.5,50
"Quintana, Jose",500779,2025,11,7,3.96,0.349,35,9.7,41.7,77.284315171,94.323604352,18.4,43.2
"García, Luis",472610,2025,2,2,3.42,0.327,35.8,7.5,48.4,79.68230641,95.325510256,24.1,48.7
"Brown, Ben",676962,2025,5,8,5.92,0.329,36.8,11.4,47.3,82.826186581,95.598631097,28.3,47.9
"Schlittler, Cam",693645,2025,4,3,2.96,0.315,41.3,8.2,40.2,78.249297826,94.098445683,26.1,50.1
"Matthews, Zebby",805673,2025,5,6,5.56,0.333,44.2,9.9,38.8,78.10472475,94.382515292,27.5,51.1
"Rolison, Ryan",669020,2025,1,0,7.02,0.364,33.1,9.5,38.5,75.114833973,94.058196207,17.4,46
"Bautista, Félix",642585,2025,1,1,2.60,0.264,30.4,8.7,42,75.427552286,94.303268696,35.7,45.1
"Knack, Landon",689017,2025,3,2,4.89,0.362,43.4,15.6,49.2,81.05370082,95.808123361,21.6,45.5
"Boushley, Caleb",676961,2025,0,0,6.02,0.370,41.9,11.8,50,80.443002059,95.271632148,20.8,42.2
"Bradley, Taj",671737,2025,6,8,5.05,0.314,31.8,7.2,39.9,78.130635,94.199846238,23.6,48.3
"Mattson, Isaac",676755,2025,3,3,2.45,0.283,33.3,6.1,39.4,79.401004615,93.900533953,23.2,51
"Funderburk, Kody",681892,2025,4,1,3.51,0.298,29.5,4.9,42.6,80.192307333,94.409817833,21.4,41.9
"Borucki, Ryan",621366,2025,1,3,4.63,0.341,32.3,8.3,38.5,74.782124889,94.004990333,29.8,46.3
"Lord, Brad",695418,2025,5,10,4.34,0.335,34.4,7.1,41.8,76.261947744,94.578532262,21.3,50
"Junis, Jakob",596001,2025,4,1,2.97,0.312,30.5,6.1,38.6,75.668181771,93.920402813,22.7,44.5
"Cano, Yennier",666974,2025,3,7,5.12,0.299,27.1,4.7,35.3,77.245823494,93.617649337,23.5,45.2
"Fisher, Braydon",680755,2025,7,0,2.70,0.285,29.7,7.6,36.4,77.140296441,93.774442137,29.9,43.6
"Zerpa, Angel",672582,2025,5,2,4.18,0.311,30.6,8.3,43,78.207393191,94.766879415,16.4,43.3
"Alexander, Jason",669920,2025,4,2,4.77,0.339,35.1,8.3,45.9,77.843607833,95.370083264,24.6,43.8
"Fluharty, Mason",689254,2025,5,2,4.44,0.284,30.1,7.5,33.1,74.875064242,93.20536855,31.9,46.3
"Blubaugh, AJ",805123,2025,3,1,1.69,0.280,26.9,10.3,42.3,78.425083947,95.000814211,30,47.9
"Ray, Robbie",592662,2025,11,8,3.65,0.300,35.4,9.6,44.7,81.357482769,94.734721694,27.8,49.3
"Shugart, Chase",663767,2025,4,3,3.40,0.332,37.9,9.1,38.6,76.554529697,93.932006107,24.6,43.5
"Kremer, Dean",665152,2025,11,10,4.19,0.304,32.8,8.5,35.8,76.650646047,93.877241465,22.9,49.4
"Taillon, Jameson",592791,2025,11,7,3.68,0.305,33,8.1,38.3,77.113366359,93.815742513,20.8,48.5
"Francis, Bowden",670102,2025,2,8,6.05,0.373,34.3,12.4,52.2,81.0541193,95.7876814,23.3,46.7
"Pérez, Martín",527048,2025,1,6,3.54,0.354,33.1,15,39.4,76.05609725,94.398870189,20.9,42.4
"Povich, Cade",700249,2025,3,8,5.21,0.356,36.5,11.3,46.9,80.827575802,95.396274334,24.2,44.9
"Smith, Shane",681343,2025,7,8,3.81,0.310,35.4,6.7,45.4,79.548236111,94.983409519,27.7,48.3
"Hodge, Porter",687863,2025,2,2,6.27,0.317,37.1,9,38.2,79.472008409,93.775686136,26.7,46.2
"Thielbar, Caleb",573204,2025,3,4,2.64,0.247,29.8,6.6,31.8,77.406978933,93.279437133,26.9,49.7
"Melton, Troy",675512,2025,3,2,2.76,0.297,32,8.6,49.2,80.776966719,95.062617874,23.3,48.3
"Graceffo, Gordon",700669,2025,3,1,6.28,0.326,34.8,7.2,53.6,83.540411594,95.925008116,23.1,48
"Varland, Louis",686973,2025,4,3,2.97,0.311,33.5,9.1,43.7,79.243662188,94.858925288,27.1,52.5
"Horton, Cade",690990,2025,11,4,2.67,0.306,33.3,10,41.3,79.154849053,94.451553027,25.8,48.6
"Montgomery, Mason",682254,2025,1,3,5.67,0.330,33.9,9.3,39,78.008832456,94.636496106,35.8,51.1
"Bieber, Shane",669456,2025,4,2,3.57,0.328,36,12.3,48.2,84.085081228,95.836548158,27.9,46.2
"Lauer, Eric",641778,2025,9,2,3.18,0.306,38.5,8.1,41.9,81.159901438,94.514243505,23.7,48.7
"Webb, Logan",657277,2025,15,11,3.22,0.295,32.8,8.3,40.2,78.364554789,94.732224965,24.7,46.2
"Hanifee, Brenan",669724,2025,3,3,3.00,0.315,29.9,6.9,44.6,79.52943396,95.089713762,16.1,45.2
"Chivilli, Angel",683409,2025,1,5,7.06,0.357,31.5,9.9,42.9,78.22648598,95.137926207,29.7,50.1
"Rasmussen, Drew",656876,2025,10,5,2.76,0.291,29.6,6.3,43.3,80.436147524,94.708687282,22.2,48.6
"Brogdon, Connor",641401,2025,3,2,5.55,0.305,34.1,12.9,40.2,78.264849242,94.213360763,29.3,49.2
"Kelly, Merrill",518876,2025,12,9,3.52,0.316,32.4,9.2,43.5,79.116163359,94.908594218,24.1,49.3
"Eisert, Brandon",685126,2025,3,8,4.39,0.314,38.6,9.4,37.1,76.389994545,93.646268426,32,46.8
"Liberatore, Matthew",669461,2025,8,12,4.21,0.340,36.3,10.6,41.1,80.506174473,94.74102241,20.2,48.2
"DeSclafani, Anthony",543101,2025,1,2,5.12,0.316,31.9,8.6,43.1,79.321170351,94.710647544,25.9,46.8
"Priester, Quinn",682990,2025,13,3,3.32,0.298,28.6,7.3,39.4,78.202069039,94.11122105,24.5,46.2
"Leahy, Kyle",681517,2025,4,2,3.07,0.326,37.4,9.8,44.1,77.142256905,94.740171833,23.1,49.7
"Peterson, David",656849,2025,9,6,4.22,0.331,34.4,6.4,46,79.61366252,95.237705996,24,46.8
"Seymour, Carson",693313,2025,1,3,4.75,0.367,33.6,15.5,44.8,80.393910702,95.602991228,21.8,43.6
"Jobe, Jackson",695549,2025,4,1,4.22,0.341,36,8.7,43.3,77.682526351,94.535962568,24.7,43.9
"Allen, Logan",671106,2025,8,11,4.25,0.326,32.8,9.1,37.5,77.201543485,94.148613721,20.6,44.3
"Abreu, Bryan",650556,2025,3,4,2.28,0.289,35.9,8.3,45.5,80.43213961,94.823645752,41.2,46.2
"Morejon, Adrian",670970,2025,13,6,2.08,0.254,30.2,4,30.7,73.965707188,92.96996724,23.8,48
"Webb, Jacob",657097,2025,5,4,3.00,0.281,30.9,5.9,34.6,75.052885217,93.147000383,27.6,51.1
"Santillan, Tony",663574,2025,1,5,2.44,0.322,35.1,8.4,45.5,81.403418298,95.576007872,27,49.7
"Ramírez, Yohan",670990,2025,3,3,5.40,0.328,40,13.3,45.6,78.336311333,94.628384556,25.8,49.5
"Imanaga, Shota",684007,2025,9,8,3.73,0.313,34.3,11.6,43.5,80.551815288,94.869016506,24.6,53.8
"McGreevy, Michael",700241,2025,8,4,4.42,0.333,33.2,8.8,40.1,79.891822152,94.840920349,19.2,45.9
"Peralta, Freddy",642547,2025,17,6,2.70,0.289,33.9,9.3,34.5,76.986266955,93.5568435,30.1,46.9
"Flaherty, Jack",656427,2025,8,15,4.64,0.310,37.8,10.3,43.8,78.732208967,94.724612024,27.3,45.6
"Mears, Nick",683232,2025,5,3,3.49,0.325,39.8,10.6,42.9,80.078215316,94.850952785,25,54.9
"Arrighetti, Spencer",681293,2025,1,5,5.35,0.356,35.3,8.8,45.1,76.925057843,94.953613663,27.4,43.7
"Sears, JP",676664,2025,9,11,5.04,0.319,33.5,9.4,39.4,78.488716143,94.093992714,21.6,47.3
"Peralta, Wandy",593974,2025,6,1,3.14,0.311,29.4,6.9,36.2,75.314537685,94.024205442,29,48.5
"Yarbrough, Ryan",642232,2025,3,1,4.36,0.320,39.9,6.9,34,73.70416266,93.280751497,26.6,45.5
"Bibee, Tanner",676440,2025,12,11,4.24,0.297,29.5,8,36.6,77.497463523,93.884607443,23.8,46.3
"Herrin, Tim",682120,2025,5,4,4.85,0.325,29.2,5.3,42.5,77.250682679,94.038742768,29.4,41.7
"Miller, Mason",695243,2025,1,2,2.63,0.249,36.6,9.9,37.6,77.092263878,93.484907835,45.2,49.9
"Gipson-Long, Sawyer",687830,2025,0,2,7.18,0.377,34.3,13.1,39.4,79.2068812,95.157078485,24.4,51.4
"Beeks, Jalen",656222,2025,5,3,3.77,0.306,29,10.5,39.5,76.33152625,94.389777875,27.7,49.2
"Cantillo, Joey",676282,2025,5,3,3.21,0.300,34.3,7.2,41.8,78.3463956,94.47711972,29.7,43.2
"Ferrer, Jose A.",678606,2025,4,4,4.48,0.294,28.3,4.8,42.2,77.190838991,94.646342064,24.8,49.8
"Koenig, Jared",657649,2025,6,1,2.86,0.263,29.5,5.1,34.7,78.564919655,93.512511561,22.9,43.9
"Wilson, Justin",458677,2025,4,1,3.35,0.296,35.2,7,35.9,78.971586667,93.777462698,31.9,50.7
"Misiorowski, Jacob",694819,2025,5,3,4.36,0.288,40.8,7.9,37.5,79.236436579,93.62802596,29.7,49.8
"Vasil, Mike",678024,2025,5,3,2.50,0.312,30.4,7.1,38.2,78.393725324,94.283436871,24,42.5
"Ober, Bailey",641927,2025,6,9,5.10,0.323,33.8,10.9,39.1,78.771571293,94.459521595,24.1,51.7
"Herget, Jimmy",623474,2025,1,2,2.48,0.284,35.2,7.3,39.1,77.89855931,93.881776234,26.9,46.6
"Roupp, Landen",694738,2025,7,7,3.80,0.319,36.5,8.9,36.5,76.827210559,94.175041433,25.2,43.8
"Johnson, Pierce",572955,2025,3,3,3.05,0.297,37.7,8.8,42.8,80.649012025,94.362369045,26.2,44.2
"Blackburn, Paul",621112,2025,0,3,6.23,0.310,33.6,7.8,35.2,75.497210313,93.464801496,22.5,47.3
"Iglesias, Raisel",628452,2025,4,6,3.21,0.277,38.9,8.6,34.9,79.082887209,93.587533547,30.9,51.8
"Parker, Mitchell",680730,2025,9,16,5.68,0.370,37.5,9.6,50,82.502658484,95.835160597,19.6,51.2
"De los Santos, Yerry",660787,2025,0,1,3.28,0.325,27.2,5.3,41.2,77.413747321,94.407822857,22.7,46.3
"Banda, Anthony",607455,2025,5,1,3.18,0.296,35.1,8.8,38.6,80.008237647,93.888422308,27.2,47.7
"Warren, Will",701542,2025,9,8,4.44,0.330,36,10.9,45.3,80.374098233,95.303643801,24.6,42.8
"Henry, Cole",669371,2025,1,2,4.27,0.327,31.5,7.5,37,77.547687397,94.270835034,25.6,42.8
"Springs, Jeffrey",605488,2025,11,11,4.11,0.321,38.2,8.1,37.3,76.965319805,93.911262183,26,46.3
"Waldrep, Hurston",694462,2025,6,1,2.88,0.310,32.2,4,40.3,78.601525211,94.194874789,28.5,44.7
"Heaney, Andrew",571760,2025,5,10,5.52,0.362,37.7,10.2,43.6,79.264750152,94.947389467,19.9,47.5
"Jax, Griffin",643377,2025,1,7,4.23,0.282,38.5,9.3,44.1,77.109701392,94.907304747,37.3,50.6
"Burnes, Corbin",669203,2025,3,2,2.66,0.306,33.5,8.1,41.6,77.976536977,94.85857848,25.7,46.3
"Mize, Casey",663554,2025,14,6,3.87,0.298,36.1,9.1,42.5,79.394689775,94.590713063,24.1,49.6
"Morton, Charlie",450203,2025,9,11,5.83,0.333,33.3,8.6,43.6,81.394967087,94.941118471,27.9,46.8
"Bird, Jake",656234,2025,4,2,5.53,0.305,34.4,8.4,42.9,76.501208701,94.353653247,28.1,43.9
"Montero, Rafael",606160,2025,1,2,4.48,0.295,25.3,7,38.6,76.808366154,94.108485769,29.3,47.1
"Ureña, José",570632,2025,0,1,4.58,0.389,36.8,13,40,78.45246044,94.656698297,19.8,48.2
"Ogasawara, Shinnosuke",829272,2025,1,1,6.98,0.355,34.1,10.6,41.5,80.859079508,94.705759669,23.5,45.5
"Cease, Dylan",656302,2025,8,12,4.55,0.290,36.6,8.6,37.5,78.184355258,93.931109718,33.4,49.2
"Martinez, Nick",607259,2025,11,14,4.45,0.312,37,6.9,34.5,78.23181311,93.267375748,19.9,47.1
"Wacha, Michael",608379,2025,10,13,3.86,0.317,36.7,7.4,34.6,76.056574508,93.523519129,21.3,50.4
"Soriano, George",666277,2025,2,0,8.35,0.403,43.5,14.8,44.3,76.067869138,94.966557826,26,46.7
"Bazardo, Eduard",660825,2025,5,0,2.52,0.285,32.7,9.4,37.1,77.733708515,93.734075347,19.4,42.9
"Schwellenbach, Spencer",680885,2025,7,4,3.09,0.294,34.3,7.5,41.5,76.928233856,94.493622852,28.3,51.8
"Kelly, Michael",547184,2025,4,4,3.18,0.338,35.9,10.3,35.9,76.037959474,93.379355088,22.2,43.2
"Wheeler, Zack",554430,2025,10,5,2.71,0.247,36.7,7.2,34.1,76.480608966,93.227809971,31.5,50.3
"Cavalli, Cade",676917,2025,3,1,4.25,0.316,29.7,4.4,41.8,74.775958974,94.471469551,27.9,49.6
"Alcantara, Sandy",645261,2025,11,12,5.36,0.332,33,8.6,45,80.162512584,95.038047336,20.9,49.5
"Mejia, Juan",675848,2025,2,2,3.96,0.270,34,4.9,34.6,72.991299231,93.351381346,30.4,48
"Hall, DL",669084,2025,1,0,3.49,0.294,36,6.3,28.8,78.260723036,92.985195586,19.6,44.2
"Freeland, Kyle",607536,2025,5,17,4.98,0.342,36.8,9.4,47.3,81.013744552,95.077603477,21,51.3
"Okert, Steven",595345,2025,3,2,3.01,0.253,29.2,7,32.7,78.437956506,93.270206747,32.8,51.3
"Messick, Parker",800048,2025,3,1,2.72,0.274,33.1,5.8,29.8,77.579424262,93.461058264,26,46.1
"Palmquist, Carson",687223,2025,0,4,8.91,0.379,31.7,14.2,40,78.924745763,94.396216581,21,43.3
"Adam, Jason",592094,2025,8,4,1.93,0.260,22.8,7,38,78.701433176,93.56960574,33.3,48.9
"Sheehan, Emmet",686218,2025,6,3,2.82,0.271,37.6,10.1,41.6,78.513132472,94.324085281,32.9,50.4
"Pepiot, Ryan",686752,2025,11,12,3.86,0.311,36.6,9.7,42.5,79.1526625,94.907501,26,50.1
"Javier, Cristian",664299,2025,2,4,4.62,0.286,28,6.5,38.3,78.551114074,93.723277477,24,45.2
"Weaver, Luke",596133,2025,4,4,3.62,0.269,35.7,8.3,39.9,79.999123333,94.278156886,31,52.6
"Woodruff, Brandon",605540,2025,7,2,3.20,0.233,28.8,7.1,35.9,76.785361154,93.594377821,27.9,50.5
"Taylor, Grant",691799,2025,2,4,4.91,0.267,38.6,5.7,50,79.607203571,95.609225181,30.7,48
"Allard, Kolby",663465,2025,2,2,2.63,0.286,34.4,5.7,35.9,77.493502039,93.650984049,19.6,49.5
"Hernández, Daysbel",678226,2025,4,3,3.41,0.318,30.3,9.1,37.4,79.245454898,94.012642887,29.2,43
"May, Dustin",669160,2025,7,11,4.96,0.349,34.9,9.2,44.5,79.491363897,95.163508072,20,45.3
"Suarez, Robert",663158,2025,4,6,2.97,0.298,37.5,9.1,42.6,80.061594023,95.062653121,24,54.3
"Canning, Griffin",656288,2025,7,3,3.77,0.334,31.8,9.4,45.7,81.002928257,95.23954656,25.5,45.8
"Fermin, José",820862,2025,3,2,4.46,0.314,34.8,13.5,46.1,81.876079111,94.816130112,33.1,45.4
"Suárez, Ranger",624133,2025,12,8,3.20,0.278,29.2,5.5,31.1,74.916710313,93.042499196,22.2,47.9
"Alvarado, Elvis",665660,2025,1,1,3.19,0.304,30.3,8.3,46.8,78.580504727,95.049966514,33.7,46.9
"Soriano, José",667755,2025,10,11,4.26,0.312,26.8,7.2,48.2,79.974239247,95.946385146,27,44.8
"Feltner, Ryan",663372,2025,0,2,4.75,0.284,27.6,4.1,35.7,79.828118958,94.387792083,26.5,48.5
"Uribe, Abner",682842,2025,3,2,1.67,0.260,28.6,2.9,34.9,73.561736941,93.438742544,32,45.7
"Topa, Justin",623437,2025,1,5,3.90,0.325,35,5.6,44.7,77.581281959,94.832875722,18.1,47.2
"Helsley, Ryan",664854,2025,3,4,4.50,0.310,37.4,7.4,41.7,81.211436543,94.813928199,29.5,53
"Civale, Aaron",650644,2025,4,9,4.85,0.314,34.9,9.8,39.1,77.580307632,93.781385182,21.8,45.4
"Dollander, Chase",801403,2025,2,12,6.52,0.347,36.5,11.5,40.5,77.237025033,94.268447185,22.9,47
"Baker, Bryan",641329,2025,4,4,4.06,0.311,35.1,12.6,48.3,79.631394483,95.34969185,29.1,51.1
"Curtiss, John",595928,2025,3,2,3.93,0.320,44.6,8.9,42.9,79.690204727,94.392163455,20.4,52.3
"Assad, Javier",665871,2025,4,1,3.65,0.339,32.5,3.5,40.4,76.66852614,94.317117807,16.5,46
"Lee, Dylan",669276,2025,2,4,3.29,0.268,32.4,10.2,33.5,76.725843529,93.327081775,33.6,51.5
"Pagán, Emilio",641941,2025,2,4,2.88,0.266,30.3,9.1,37,78.859637439,93.705661043,29.2,53.2
"Cannon, Jonathan",686563,2025,4,10,5.82,0.354,37.3,10.7,45.4,79.404566446,94.921395663,21.4,48.4
"Alcala, Jorge",660896,2025,0,2,6.22,0.327,33.9,10.9,37.6,77.521894444,94.258767654,25.7,47.4
"Leasure, Jordan",673929,2025,5,6,3.92,0.279,36.9,10.8,37.6,78.435208846,94.011580968,31.9,48.8
"Kelly, Zack",677161,2025,1,3,4.58,0.289,37.3,4.9,31.4,74.3228046,93.0280845,23.3,49.3
"Burke, Sean",680732,2025,4,11,4.22,0.342,39.4,10.4,42.7,78.283710052,94.73809907,25.1,46.9
"Hicks, Jordan",663855,2025,2,7,6.95,0.331,31.6,4.7,45.6,79.016019245,94.960133585,23.1,43.6
"Clarke, Taylor",664199,2025,1,1,3.25,0.298,29.6,7.9,40.8,78.566884605,94.198920397,23.3,47.6
"Hamilton, Ian",641656,2025,2,1,4.28,0.315,37,10,36,80.179450816,94.043123299,27.8,49.5
"Doval, Camilo",666808,2025,4,3,3.58,0.297,28.6,6,40.5,76.738153614,94.494643916,28.4,47.3
"Domínguez, Seranthony",622554,2025,4,4,3.16,0.282,34.7,6.9,36.8,76.211899028,93.430835764,33.3,44.6
"Ross, Joe",605452,2025,2,1,5.12,0.373,38.1,11.9,43.5,77.508137349,94.873628303,22.4,50.8
"Márquez, Germán",608566,2025,3,16,6.70,0.366,35.8,11.1,48.5,81.597628348,95.499986518,18.6,48
"Rocker, Kumar",677958,2025,4,5,5.74,0.364,34.8,11.8,47.5,79.800612673,95.797203564,24.9,50
"Ortiz, Luis",682847,2025,4,9,4.36,0.336,32.9,10.3,47.7,81.226247,95.788528,28.9,46.5
"Estrada, Jeremiah",669093,2025,4,5,3.45,0.260,33.1,9,39.2,80.16923,94.230622317,34.9,51.9
"Jackson, Luke",592426,2025,2,5,4.06,0.321,28,6.7,44,80.147962466,95.393444932,22.7,46.7
"Kelly, Kevin",687330,2025,2,5,5.90,0.381,40.2,15.7,52.8,79.152472381,96.20311373,21.2,46.6
"Fairbanks, Pete",664126,2025,4,5,2.83,0.275,28.9,4.8,42.8,80.555249878,94.165084049,26.1,50.6
"Garcia, Robert",676395,2025,4,8,2.95,0.304,38.2,7.9,34.3,77.653895909,93.978746286,28.6,51
"Woodford, Jake",663765,2025,0,4,6.44,0.345,35.1,6.9,33.6,73.794609844,93.234400625,16.4,45.8
"Englert, Mason",669438,2025,0,1,3.83,0.318,37.5,9.4,46.9,81.021740794,95.853766746,25.1,50.1
"Wilson, Steven",621051,2025,2,2,3.42,0.302,35.2,5.5,36.4,80.504456627,93.533160485,24.8,47.6
"McCullers Jr., Lance",621121,2025,2,5,6.51,0.353,33.7,11.4,50,79.437344337,95.287341084,25.1,40
"Scherzer, Max",453286,2025,5,5,5.19,0.332,38.2,12.4,38.2,76.999474683,94.042422948,23.6,50.1
"Casparius, Ben",676508,2025,7,5,4.64,0.300,31.9,7.1,31.9,77.195546356,92.986533941,27.6,49.7
"Slaten, Justin",686580,2025,2,4,4.24,0.292,32.4,7.8,34.3,79.001213529,93.722976765,27.9,53.9
"Corbin, Patrick",571578,2025,7,11,4.40,0.336,34.7,8.4,40.4,78.287246481,94.301912618,26.9,46.3
"Stroman, Marcus",573186,2025,3,2,6.23,0.368,31.3,10.7,49.6,79.644443281,95.549940078,19.2,47.3
"Gallen, Zac",668678,2025,13,15,4.83,0.320,34.3,9.7,43,79.464557057,94.701400977,23.7,44.9
"Santana, Dennis",642701,2025,4,5,2.18,0.292,33.2,10.5,37.4,78.453035158,93.826098995,27.3,51.6
"Pressly, Ryan",519151,2025,2,3,4.35,0.350,30.6,6.7,50,80.607058788,95.377848561,17.4,46
"Duran, Jhoan",661395,2025,7,6,2.06,0.248,22.2,4.3,41.6,77.695448478,94.76861306,30.8,53.2
"Stewart, Brock",592779,2025,2,2,2.63,0.259,29.6,4.1,32.7,74.767168163,93.229603711,31.1,51.1
"Darvish, Yu",506433,2025,5,5,5.38,0.297,32.5,8.9,33,76.396139307,93.193532836,23,47
"Detmers, Reid",672282,2025,5,3,3.96,0.296,32.7,8.2,42.8,79.347347848,94.748538662,32.7,49.7
"Dubin, Shawn",681869,2025,2,0,5.08,0.302,30.8,4.8,40.4,76.061319423,93.907752788,20.7,44.6
"Faucher, Calvin",676534,2025,4,4,3.28,0.323,37.3,4.7,34.3,76.544550714,93.486938024,23.7,42.5
"Meyer, Max",676974,2025,3,5,4.73,0.337,30.3,9.2,48.2,81.961734227,95.684813731,27.4,47.4
"Trivino, Lou",642152,2025,3,2,3.97,0.346,34.2,9.6,30.8,75.917096901,93.161742766,25.1,46.4
"Palencia, Daniel",694037,2025,1,6,2.91,0.282,38.2,4.4,48.5,80.17049,94.70085791,27.5,51
"Blewett, Scott",656240,2025,3,0,5.48,0.333,29.3,11.4,50,82.82895029,95.764812117,27.6,48.4
"Houck, Tanner",656557,2025,0,3,8.04,0.376,35.6,8.1,46.3,79.817193867,95.438010268,21.6,44.5
"Gusto, Ryan",687473,2025,7,7,5.67,0.331,32.1,9.5,45.7,80.014421083,95.083939808,23.4,49.1
"Patrick, Chad",694477,2025,3,8,3.53,0.306,40.1,8.1,42.2,78.480281585,94.369077591,23.5,50.1
"Wentz, Joey",666214,2025,5,7,5.60,0.329,36.3,9.5,42.8,80.603843974,94.649886954,23.5,49.2
"Giolito, Lucas",608337,2025,10,4,3.41,0.345,38.3,9,41.1,79.599269676,94.777289536,22.9,47.3
"Bubic, Kris",663460,2025,8,7,2.55,0.278,32.1,6.6,39.3,75.386163962,93.984739716,28.8,49.2
"Green, Chad",643338,2025,3,2,5.56,0.371,35,16.4,52.9,82.219181449,96.106873333,22.7,51
"Gilbert, Logan",669302,2025,6,6,3.44,0.275,32.1,8.6,41.7,81.144057391,94.674260997,32.9,51.1
"Dreyer, Jack",676263,2025,3,2,2.95,0.257,30.6,5.3,39.7,81.020730198,94.032878366,26.7,51.4
"Milner, Hoby",571948,2025,3,4,3.84,0.303,28.3,9,36.8,77.915462692,93.624473333,15.5,43.6
"Ohtani, Shohei",660271,2025,1,1,2.87,0.250,33.3,3.4,30.8,74.636212069,93.202968261,32.5,49.8
"Lively, Ben",594902,2025,2,2,3.22,0.332,35.1,10.4,44.8,82.966507313,95.267296791,16.2,47.1
"Luzardo, Jesús",666200,2025,15,7,3.92,0.285,34.2,6.6,37.1,77.489938987,93.779297426,30.8,47.8
"Kolek, Stephen",663568,2025,5,7,3.51,0.321,32.9,6.1,48,80.278387602,95.430454825,17.7,46.8
"Sasaki, Roki",808963,2025,1,1,4.46,0.363,32.4,11.1,45.4,80.793682037,94.617473458,22.1,43
"Bassitt, Chris",605135,2025,11,9,3.96,0.316,34.5,8.5,36.6,75.618546494,93.913717565,23.3,46.8
"Cameron, Noah",702070,2025,9,7,2.99,0.313,32.6,6.3,37.4,76.19833699,93.899827391,26.6,47.2
"Rutledge, Jackson",671131,2025,4,2,5.77,0.335,30.8,9.8,49.1,80.477914655,95.404287792,25.3,47.3
"Gordon, Colton",676467,2025,6,4,5.34,0.332,38.5,11.5,40.6,77.823700284,94.21274,18,50.5
"Gómez, Yoendrys",672782,2025,3,3,5.17,0.347,36.9,12.3,37.4,79.100776559,94.185554595,23.9,47.1
"Harrison, Kyle",690986,2025,1,1,4.04,0.316,40.8,6.8,42.7,80.8124982,94.7913102,25.9,50.5
"Mazur, Adam",800049,2025,0,4,4.80,0.346,34.6,8.4,31.8,76.053010741,93.596534206,21.8,48.9
"Ashcraft, Braxton",677952,2025,4,4,2.71,0.289,30.8,4.6,38.5,76.398213021,94.089793979,26.2,50.2
"Perkins, Jack",678022,2025,3,2,4.19,0.297,29.8,9.6,35.6,72.800128846,93.284277981,32.2,48.2
"Singer, Brady",663903,2025,14,12,4.03,0.320,36.3,9.4,40.7,79.955468025,94.544913495,24,44.4
"Adams, Travis",701519,2025,1,4,7.49,0.393,40.6,12.3,40.6,77.732760755,94.18605981,25.6,46.6
"Orze, Eric",679358,2025,1,1,3.02,0.297,36.2,7.8,30.2,75.698965965,93.107698684,27,50.5
"Paddack, Chris",663978,2025,5,12,5.35,0.344,35.9,10.2,45.6,79.944242314,95.130759451,20.7,51.3
"Woods Richardson, Simeon",680573,2025,7,4,4.04,0.304,34,11.4,41.6,80.370681656,94.323096369,24.1,48
"Ginn, J.T.",669372,2025,4,7,5.08,0.301,26.2,9.8,44.5,75.355279219,94.914220549,28.7,42.9
"Armstrong, Shawn",542888,2025,4,3,2.31,0.272,32.6,7.1,34.2,77.669163587,93.240193661,24.4,47.6
"Castillo, José",620454,2025,2,2,3.94,0.315,34.7,5.9,42.6,79.415740408,94.443429388,22.6,46.4
"Ryan, Joe",657746,2025,13,10,3.42,0.289,33.1,11.5,41.9,79.815298733,94.608611131,26.1,49.7
"Bradish, Kyle",680694,2025,1,1,2.53,0.275,45.6,8.8,38.2,79.437979706,94.417301029,34.8,45.3
"Sánchez, Cristopher",650911,2025,13,5,2.50,0.272,27,5.7,39.8,77.436793852,94.392001148,30.4,49.5
"Senzatela, Antonio",622608,2025,4,15,6.65,0.395,36.4,9.2,46,79.952632708,95.433018917,18.1,46.7
"Fedde, Erick",607200,2025,4,13,5.49,0.355,35.3,7.9,42.6,80.198985764,94.366291335,18,44.7
"Rodríguez, Manuel",655889,2025,1,2,2.08,0.274,28.1,3.4,41.6,74.583747273,94.352912299,25.9,50.1
"Hill, Tim",657612,2025,4,4,3.09,0.288,21.4,7.9,45.1,78.716354906,95.046864739,16.4,54.2
"Lodolo, Nick",666157,2025,9,8,3.33,0.292,31,8.1,40.5,77.560730837,94.23638627,27.5,50
"Quantrill, Cal",615698,2025,4,12,6.04,0.366,39.4,12.4,44.3,79.666849581,94.980472992,20.2,46.7
"Chandler, Bubba",696149,2025,4,1,4.02,0.298,39.5,9.3,40.7,80.213783953,94.569092353,30.3,50.1
"Kinley, Tyler",641755,2025,6,3,3.96,0.293,34.7,7,29.6,75.874641313,93.183719543,31.2,49.1
"Gibson, Cade",806188,2025,4,5,2.63,0.304,31.3,5.6,37.5,76.765823038,93.675747975,22.3,42.5
"Ragans, Cole",666142,2025,3,3,4.67,0.256,32.1,9.5,39.4,76.571539706,94.275790368,34.8,49.6
"Schmidt, Clarke",657376,2025,4,4,3.32,0.272,32.5,6.6,35.4,77.140581038,93.721791185,26.6,47.6
"Dobbins, Hunter",690928,2025,4,1,4.13,0.309,31.8,6.8,41.7,77.906045053,94.643822789,21.9,46.5
"Vásquez, Randy",681190,2025,6,7,3.84,0.354,34.2,10.9,39.3,78.051658102,94.305900278,15.7,46.4
"Vesia, Alex",681911,2025,4,2,3.02,0.274,38.5,10.8,37.7,77.218813968,94.182131587,30.7,50.2
"Montas, Frankie",593423,2025,3,2,6.28,0.353,30.5,11.5,40.5,76.120782769,94.543882868,23.8,48.6
"Yamamoto, Yoshinobu",808967,2025,12,8,2.49,0.259,28.3,5.7,39.7,76.238509183,94.220626442,28.9,46.7
"Smith, Cade",671922,2025,8,5,2.93,0.248,38.7,4,37,79.068385465,93.893454593,34.3,52.3
"Newcomb, Sean",656794,2025,2,5,2.73,0.306,33.8,5.7,41.8,77.812871395,94.200995837,21.4,46.2
"Anderson, Grant",681982,2025,2,6,3.23,0.300,32,5.2,38.1,77.310534149,94.255863351,30.9,48.1
"Garrett, Reed",657585,2025,3,6,3.90,0.292,36.1,4.8,40.8,75.675475753,94.289357534,30.5,45.3
"Uceta, Edwin",670955,2025,10,3,3.79,0.306,39.3,9.3,36.6,76.979023222,94.165568324,35.6,53
"Matz, Steven",571927,2025,5,2,3.05,0.287,31.6,6.3,40.5,76.773139914,94.236201645,18.8,48.6
"Richardson, Lyon",680689,2025,0,3,4.54,0.345,34.5,5.9,46.2,78.557465667,94.882098151,22.3,40.5
"Festa, David",701581,2025,3,4,5.40,0.339,34,11.8,40.5,79.851768158,95.067738344,27.4,51.2
"Sale, Chris",519242,2025,7,5,2.58,0.265,36.4,6.3,35.4,75.455732933,93.5351905,30.1,48.9
"Abel, Mick",690953,2025,3,4,6.23,0.346,38.1,8.5,49.2,81.778570339,94.893442881,25.4,49.7
"Miller, Bryce",682243,2025,4,6,5.68,0.351,34.3,9.3,48.6,82.570913551,95.807492873,24.2,50.9
"Svanson, Matt",694335,2025,4,0,1.94,0.275,39.4,8.5,35.9,78.330131857,94.20207,23.1,44.1
"Hart, Kyle",606996,2025,3,3,5.86,0.299,34.6,7.9,39.4,77.047599355,94.040645,19.9,44.3
"deGrom, Jacob",594798,2025,12,8,2.97,0.286,33.1,9.2,41.9,79.671198045,94.499823864,30.2,51.7
"Beck, Tristan",663941,2025,1,0,4.61,0.326,34.7,8.7,38.2,80.599342326,94.12311386,22.9,49.1
"Chafin, Andrew",605177,2025,1,1,2.41,0.290,27.3,3.4,37.5,76.52036,93.195206322,27.7,45.9
"Burns, Chase",695505,2025,0,3,4.57,0.291,36.2,9.5,45.7,79.716816154,94.89525835,31.9,52.4
"Enns, Dietrich",608650,2025,3,3,4.08,0.288,37.5,4.4,36,77.332521692,93.773204846,27.2,54.1
"Legumina, Casey",668984,2025,4,6,5.62,0.304,29.2,8.8,43.8,79.801734412,95.008117941,24.6,49.6
"Kershaw, Clayton",477132,2025,11,2,3.36,0.303,31.3,4.1,42.1,78.924767294,94.516163835,24.3,45.3
"Sugano, Tomoyuki",608372,2025,10,10,4.64,0.366,38.5,11.8,39.8,79.557564154,94.37679225,18.5,47
"Estévez, Carlos",608032,2025,4,5,2.45,0.299,35.4,10.6,38.1,78.515485957,93.934951649,19,49.4
"Ort, Kaleb",672391,2025,2,2,4.89,0.288,25.9,7.8,37.9,78.636906379,94.296714914,29.2,46.4
"Snell, Blake",605483,2025,5,4,2.35,0.283,35.3,5.8,34,73.401030133,93.530650537,35.6,47.3
"Jansen, Kenley",445276,2025,5,4,2.59,0.301,31.2,8.9,44.6,82.345025714,94.96297526,25.8,55.7
"Maton, Phil",664208,2025,4,5,2.79,0.264,38.7,3.6,30.7,72.288009706,92.742270667,36.2,46.9
"Oviedo, Johan",670912,2025,2,1,3.57,0.316,29.4,6.9,35.3,75.469035294,93.934282157,29.9,42.3
"Burrows, Mike",681347,2025,2,4,3.94,0.322,33.1,10.8,42,77.441745,94.693836269,27,48.7
"Rogers, Taylor",573124,2025,3,2,3.38,0.316,34.5,9.9,44.4,78.819542143,94.992561511,23.2,44.3
"Wesneski, Hayden",669713,2025,1,3,4.50,0.321,35.8,10.5,42.1,79.32545587,94.265432935,23.2,47.4
"Gordon, Tanner",685299,2025,6,8,6.33,0.368,42.4,11.4,41.2,78.86339336,94.88351372,18,53.2
"Walker, Ryan",676254,2025,5,7,4.11,0.305,31.1,5,35.6,74.906653218,93.548727356,21.6,43.2
"Mahle, Tyler",641816,2025,6,4,2.18,0.319,37.8,8,37.1,77.65269832,93.80845964,23.2,49.9
"Crismatt, Nabil",622503,2025,3,0,3.71,0.331,38.1,5.1,29.7,78.087486552,92.987057739,23.8,47.2
"Lorenzen, Michael",547179,2025,7,11,4.64,0.331,36.6,8.8,39.2,78.770731389,94.056205903,23.4,48.1
"Cruz, Steven",674444,2025,3,1,3.74,0.289,33.3,5.3,34.1,78.717356308,93.526750154,24.3,50
"Carrasco, Carlos",471911,2025,2,2,7.09,0.354,38.5,10.6,42.9,79.769600256,94.954997051,22.5,45.6
"Morgan, David",688158,2025,1,2,2.66,0.301,33.9,7.6,45.8,81.12097569,94.875696379,25.5,49.6
"Pfaadt, Brandon",694297,2025,13,9,5.25,0.352,39.1,10.9,45.8,79.642424366,95.370126614,22.1,49.2
"Barlow, Scott",605130,2025,6,3,4.21,0.323,32.2,7.3,30.5,74.790501818,92.875805543,30.8,41.3
"Leiter Jr., Mark",643410,2025,6,7,4.84,0.301,29.2,5.6,33.3,75.677094507,93.340015141,29.1,45.4
"Soroka, Michael",647336,2025,3,8,4.52,0.293,27.5,6.7,40.4,78.414330168,94.280573361,23.7,45.5
"Winn, Cole",668390,2025,0,1,1.51,0.318,29.2,10.4,48.1,80.866703654,95.652362427,22.9,45.9
"Senga, Kodai",673540,2025,7,6,3.02,0.309,29.7,8,40.6,77.128245355,94.410346065,27.4,45.5
"Molina, Anthony",683627,2025,1,1,7.27,0.405,37.3,11.1,54,80.031040635,95.93442368,24.2,46.2
"Morales, Luis",806960,2025,4,3,3.14,0.325,32.8,10.9,41.6,77.2372225,94.558966912,23.5,44
"De Los Santos, Enyel",660853,2025,6,3,4.36,0.316,38,8.9,40.1,74.797166146,94.296939162,30,51.6
"Martin, Davis",663436,2025,7,10,4.10,0.347,36,9.7,44.6,79.461212182,95.394861477,21.6,49.4
"Nance, Tommy",667297,2025,2,0,1.99,0.306,32.6,8.1,45.3,76.64744619,95.076024286,24.7,46.6
"Díaz, Edwin",621242,2025,6,3,1.63,0.247,32.8,4.6,39.7,77.057612969,94.369810156,41.5,47.6
"Martin, Chris",455119,2025,2,6,2.98,0.303,35.2,9,41,79.235836557,94.800879669,21.8,55.3
"Ferguson, Tyler",621053,2025,4,2,4.66,0.301,33.1,6.5,31.8,76.9264736,93.116137733,26,46.7
"Gray, Sonny",543243,2025,14,8,4.28,0.306,34.8,9.8,40.7,76.982367233,94.518739901,27.5,47.4
"Leiter, Jack",683004,2025,10,10,3.86,0.326,33.8,10.8,43.9,80.051937028,94.832958467,24.3,47.8
"Scott, Tanner",656945,2025,1,4,4.74,0.317,34,9,42.3,80.965295065,94.584847386,29.5,55.9
"Gil, Luis",661563,2025,4,1,3.32,0.342,35.5,8.3,42.6,80.108893882,94.765663491,21.5,44
"Weathers, Ryan",677960,2025,2,2,3.99,0.309,34.5,9.5,42.2,78.889919474,94.738206842,28.8,48.8
"Williams, Trevor",592866,2025,3,10,6.21,0.330,39.6,8.4,40.7,79.796024317,94.332743633,19.8,46.7
"Cruz, Fernando",518585,2025,3,4,3.56,0.288,41.6,8.9,38.6,75.3648042,93.7985887,46.5,42.9
"Skenes, Paul",694973,2025,10,10,1.97,0.255,29.4,5.8,40.1,75.47852,93.884708556,30.1,49.6
"Coulombe, Danny",543056,2025,2,1,2.30,0.309,31.3,5.2,38.3,76.015655893,93.564165804,27.7,50.6
"Manaea, Sean",640455,2025,2,4,5.64,0.311,39.6,8.9,42.6,78.665863012,94.746596121,26.8,52.4
"Evans, Logan",688138,2025,6,5,4.32,0.350,36.3,10.5,42.6,79.041787969,94.565172078,19.4,45
"Woo, Bryan",693433,2025,15,7,2.94,0.274,32.5,9.1,41.8,77.567134979,94.556632572,26.2,53.2
"Pallante, Andre",669467,2025,6,15,5.31,0.321,28.7,6.5,39.9,77.928687634,94.458794676,22.3,45.9
"Morillo, Juan",666661,2025,0,3,4.19,0.301,31.6,5.3,42.1,74.442016809,94.11918828,26.6,48.8
"Miller, Shelby",571946,2025,4,3,2.74,0.292,36.3,8.8,42.5,77.622792143,94.659739196,31.7,50.5
"Long, Sam",669674,2025,2,3,5.36,0.342,29.5,8.3,42.4,76.127649091,94.180791145,19.1,46.1
"Buehler, Walker",621111,2025,10,7,4.93,0.355,35.8,9.5,37.8,75.994121608,94.03109665,19.2,44.6
"Muñoz, Andrés",662253,2025,3,3,1.73,0.263,31.9,6.5,39.9,74.409228529,93.885968074,36.5,47.1
"Eflin, Zach",621107,2025,6,5,5.93,0.327,34,9.4,40.6,78.828693833,94.433231088,20.5,50.1
"Thornton, Trent",663423,2025,2,0,4.68,0.339,30.8,6.9,42.3,78.310009538,94.477236589,20.6,49.5
"Hancock, Emerson",676106,2025,4,5,4.90,0.358,35.4,7.7,42.5,77.615179437,94.459962923,20.3,49.6
"Burke, Brock",656271,2025,7,1,3.36,0.303,31,7.1,40.8,77.039255402,94.832949483,23.4,52.4
"Phillips, Tyler",663969,2025,2,1,2.78,0.298,26,5.1,43.4,77.404647949,94.783240429,27.3,47.9
"King, John",667463,2025,2,1,4.66,0.337,28.9,5,43.3,78.141769205,94.955228523,19.9,50.1
"Gonsolin, Tony",664062,2025,3,2,5.00,0.351,37.8,11.2,44.9,81.195201042,95.140222083,30.3,43.8
"Clase, Emmanuel",661403,2025,5,3,3.23,0.277,34.1,5.1,38.4,77.233822174,93.803160511,32.1,54.3
"Bello, Brayan",678394,2025,11,9,3.35,0.327,30.8,7.1,39.3,77.392833825,94.176171155,20.1,45.8
"Cecconi, Slade",677944,2025,7,7,4.30,0.343,37.2,12.2,49.1,81.626558543,95.530064534,22.5,46.5
"Bergert, Ryan",686701,2025,2,2,3.66,0.322,40.7,7,36.4,80.998547642,93.790266132,23.9,46.9
"Gage, Matt",657424,2025,0,1,3.19,0.272,27.1,3.1,33.3,77.681015106,93.614838172,23.1,47.3
"Junk, Janson",676083,2025,6,4,4.17,0.326,35.1,8.5,47.3,81.205599371,95.649523095,18.2,52.5
"Sousa, Bennett",656986,2025,5,1,2.84,0.266,32.8,8,36.8,77.989110968,94.230850081,36.8,53
"Walter, Brandon",687888,2025,1,3,3.35,0.282,30.7,7.2,38.6,73.587650789,93.449561854,24.6,50.5
"Severino, Luis",622663,2025,8,11,4.54,0.331,35.3,6,41.9,75.840911693,94.478741811,18.3,47.3
"Bednar, David",670280,2025,6,5,2.30,0.264,35.9,9,42.1,78.178668056,94.382782917,31.1,47.8
"Mlodzinski, Carmen",669387,2025,5,8,3.55,0.313,34.8,6,40.1,79.93386863,94.732405308,23,46.6
"Dana, Caden",702674,2025,0,4,6.40,0.339,31.5,11.2,39.3,78.462148182,94.224457701,28.2,42.3
"Falter, Bailey",663559,2025,7,7,4.45,0.340,32.3,9.5,45.1,79.793242435,94.949158316,18.1,47
"Spence, Mitch",687765,2025,3,6,5.10,0.363,37.8,11.9,42.8,79.322783986,94.752186945,25.7,50.8
"Kikuchi, Yusei",579328,2025,7,11,3.99,0.327,34.2,9.4,42.2,80.679269806,95.007564466,23.6,48.3
"Vodnik, Victor",680767,2025,4,3,3.02,0.317,31.4,8.6,48.6,79.951584143,95.651511583,26.5,44
"Suter, Brent",608718,2025,1,2,4.52,0.314,33.9,7.8,32.9,73.570382885,93.10736599,21.4,48
"Kochanowicz, Jack",686799,2025,3,11,6.81,0.368,28,9.3,49.6,81.746029301,95.756225538,20.8,47.6
"Bowlan, Jonathan",680742,2025,1,2,3.86,0.303,32.5,9.4,36.8,74.997569483,94.011314696,33.7,48.1
"Brazobán, Huascar",623211,2025,5,2,3.57,0.309,28.7,8,34.5,75.598611294,93.356656824,23.9,48.4
"Williams, Gavin",668909,2025,12,5,3.06,0.321,35.3,9,44.3,80.176453348,94.830091267,27.7,45.7
"Akin, Keegan",669211,2025,5,4,3.41,0.333,36.6,9.7,41.7,78.311395747,94.332622312,25.6,51.2
"Hader, Josh",623352,2025,6,2,2.05,0.221,34.2,8.1,34.2,77.681164074,93.2392575,40.5,55.1
"Enright, Nic",663671,2025,2,1,2.03,0.303,32.5,6,36.1,77.36517439,93.154156098,26.4,51.3
"Megill, Tylor",656731,2025,5,5,3.95,0.306,30.1,6.3,43.8,79.63753,95.034338421,30.7,44.9
"Lazar, Max",676661,2025,1,1,4.79,0.371,39.4,9.8,52.3,82.993182615,96.089544154,20.3,45.8
"Crochet, Garrett",676979,2025,18,5,2.59,0.266,32.2,7.3,37.3,75.538655219,93.9771349,29.4,51.8
"Lugo, Seth",607625,2025,8,7,4.15,0.349,34.8,11.1,45.2,80.328886381,94.977892339,20.6,43.9
"Holmes, Grant",656550,2025,4,9,3.99,0.329,36.4,10.1,41.9,79.629241184,94.661142401,29.7,48.3
"Kittredge, Andrew",552640,2025,4,3,3.40,0.261,33.8,6.8,44.4,79.979613939,95.016293969,29.8,53.3
"Speier, Gabe",642100,2025,4,3,2.61,0.247,26.9,9,40.7,78.689063472,94.681682168,30.9,52
"Greene, Hunter",668881,2025,7,4,2.76,0.273,35.8,9.6,45,79.966168837,94.82207358,31.4,53.4
"Lee, Chase",695445,2025,4,1,4.10,0.346,43.6,13.9,40.6,80.353166863,94.948634455,21.1,44.3
"Ohl, Pierson",701487,2025,0,3,5.10,0.337,45.5,10.1,39.4,78.205980612,94.616288571,22,50.2
"Houser, Adrian",605288,2025,8,5,3.31,0.312,30.3,6.1,47.6,79.183997937,95.051249788,18.1,49.6
"Murphy, Chris",669684,2025,3,0,3.12,0.311,23.7,7.5,46.2,78.07668413,94.38600087,26.5,44.5
"Whitlock, Garrett",676477,2025,7,3,2.25,0.262,35.3,8.7,36.4,77.149183678,94.074555491,32.8,53
"Waddell, Brandon",663399,2025,0,0,3.45,0.360,34,10,40,79.6929348,94.332121717,20.6,46.5
"Latz, Jacob",656641,2025,2,0,2.84,0.315,33.2,6.4,42.6,79.249931624,94.595176581,29.4,49.2
"Berríos, José",621244,2025,9,5,4.17,0.337,32.6,11.3,42.5,79.761456829,94.705282256,22,46.1
"Fitts, Richard",690916,2025,2,4,5.00,0.361,39.6,12.7,48.5,79.695850909,95.34205947,25.3,53.2
"Birdsong, Hayden",806185,2025,4,4,4.80,0.334,36.2,9.6,46.8,79.24058734,94.684951497,28.4,43.7
"Sands, Cole",663485,2025,4,6,4.50,0.306,32.1,9.9,41.5,78.396383942,94.410445845,22.2,48.5
"Kirby, George",669923,2025,10,8,4.21,0.306,35.3,8.5,43.9,80.563014713,94.704687126,26.7,49
"Hatch, Thomas",641672,2025,2,1,5.82,0.338,34.5,8,38.1,75.422428772,94.029478142,19.2,48.8
"Weissert, Greg",669711,2025,6,6,2.82,0.289,35.5,7.6,38.6,80.156528265,94.000111026,22.4,46.7
"Williams, Devin",642207,2025,4,6,4.79,0.272,32.1,9.3,35.7,79.328970286,94.280628201,37.7,50
"Valdez, Framber",664285,2025,13,11,3.66,0.303,28.1,6.7,46.3,79.964667978,95.300987092,26.6,47.3
"Megill, Trevor",656730,2025,6,3,2.49,0.281,36.5,7.8,39.1,81.389763393,94.67628625,31.4,49
"Bummer, Aaron",607481,2025,3,2,3.81,0.318,33.3,3.2,39.1,79.893937922,94.157028693,22.9,43.1
"Schreiber, John",670167,2025,3,3,3.80,0.311,35,9.3,38.3,77.339312637,93.948012265,23.4,47.7
"Strahm, Matt",621381,2025,2,3,2.74,0.261,33.5,4.3,38.4,79.689007051,93.789260192,23.8,52.4
"Romano, Jordan",605447,2025,2,4,8.23,0.314,29.2,10,39.2,77.842098,94.377039244,28.7,46.8
"Ashby, Aaron",676879,2025,5,2,2.16,0.276,29.1,3,40,78.12069625,94.376961125,27,42
"Hendricks, Kyle",543294,2025,8,10,4.76,0.308,32.6,8.3,34.3,73.673250302,93.310892792,18.3,48
"Strider, Spencer",675911,2025,7,14,4.45,0.341,39.5,10.6,42.7,81.059995116,95.310076308,30.6,47.6
"Boyle, Joe",671212,2025,1,4,4.67,0.312,29.2,10.2,46,80.542818261,95.211971825,29,43.9
"Little, Brendon",663893,2025,4,2,3.03,0.286,30.6,6.4,47.1,78.031955513,95.180069677,43.5,40.6
"Boyd, Matthew",571510,2025,14,8,3.21,0.301,31.4,9,38,77.347035336,93.962286673,23.1,51.5
"Anderson, Tyler",542881,2025,2,8,4.56,0.345,41.8,11,36.6,76.495283871,93.859851336,25,49
"Soto, Gregory",642397,2025,1,5,4.18,0.305,33.9,4,37.9,77.394929176,94.241314176,29.9,47
"Kranick, Max",668820,2025,3,2,3.65,0.329,33.1,9.3,44.9,79.798507931,94.664708261,20.7,55.6
"Bellozo, Valente",678368,2025,1,4,4.65,0.350,33.8,11.7,41.4,78.850661515,94.487669696,20.2,49.9
"Nola, Aaron",605400,2025,5,10,6.01,0.315,35.3,9.1,43.3,78.681702336,94.399605751,25.2,46.9
"Young, Brandon",687064,2025,1,7,6.24,0.320,32.1,10.2,42.2,78.202437717,94.69738663,21.6,48.2
"Nelson, Ryne",669194,2025,7,3,3.39,0.308,36.2,7.5,45.5,81.990156636,94.984519659,21.6,50.4
"Baz, Shane",669358,2025,10,12,4.87,0.306,32.3,9.5,39.4,77.845062957,94.260697,25.8,49.2
"Vest, Will",676684,2025,6,5,3.01,0.266,24.7,4.3,41.4,77.537494891,94.149179946,26.7,48
"Skubal, Tarik",669373,2025,13,6,2.21,0.258,35.6,8.1,33,73.770997639,93.244404688,32.5,54.8
"Vargas, Carlos",672841,2025,5,5,3.97,0.299,25.9,4.9,35.2,77.933770083,93.844737137,18.9,48.7
"Hernández, Carlos",672578,2025,1,0,6.23,0.359,31.4,11.4,38.6,78.513255588,94.592783162,26.6,50.1
"Walker, Taijuan",592836,2025,5,8,4.08,0.330,32.3,7.4,41.4,79.174652736,94.265534938,18.5,45.1
"Chapman, Aroldis",547973,2025,5,3,1.17,0.227,34.4,5.5,36.7,78.389957656,93.713131024,35.8,57.3
"Stanek, Ryne",592773,2025,4,6,5.30,0.327,37,10.9,43.6,80.257948072,94.444661758,27.8,52.5
"Bido, Osvaldo",674370,2025,2,5,5.87,0.354,33.1,11.8,40.9,80.021885079,94.687870913,25,49.5
"Cortes, Nestor",641482,2025,2,4,6.29,0.395,33,15.1,46.2,83.209040943,95.498235429,25,42.7