era_2026_proj,player_id,pitcher_name,year,p_era,xwoba,whiff_percent,hard_hit_percent,barrel_batted_rate,delta_era
2.140761613845825,592779,"Stewart, Brock",2025,2.63,0.259,31.1,32.7,4.1,-0.4892383861541747
2.329324722290039,663893,"Little, Brendon",2025,3.03,0.286,43.5,47.1,6.4,-0.7006752777099607
2.525634288787842,673929,"Leasure, Jordan",2025,3.92,0.279,31.9,37.6,10.8,-1.3943657112121581
2.546157121658325,595345,"Okert, Steven",2025,3.01,0.253,32.8,32.7,7,-0.4638428783416746
2.606426954269409,695243,"Miller, Mason",2025,2.63,0.249,45.2,37.6,9.9,-0.023573045730590714
2.637908935546875,605483,"Snell, Blake",2025,2.35,0.283,35.6,34,5.8,0.2879089355468749
2.7133877277374268,661403,"Clase, Emmanuel",2025,3.23,0.277,32.1,38.4,5.1,-0.5166122722625732
2.8186051845550537,643377,"Jax, Griffin",2025,4.23,0.282,37.3,44.1,9.3,-1.4113948154449467
2.895707130432129,642585,"Bautista, Félix",2025,2.6,0.264,35.7,42,8.7,0.2957071304321288
2.903134346008301,680689,"Richardson, Lyon",2025,4.54,0.345,22.3,46.2,5.9,-1.6368656539916993
2.9946517944335938,656986,"Sousa, Bennett",2025,2.84,0.266,36.8,36.8,8,0.1546517944335939
3.097400665283203,676477,"Whitlock, Garrett",2025,2.25,0.262,32.8,36.4,8.7,0.8474006652832031
3.132899045944214,666142,"Ragans, Cole",2025,4.67,0.256,34.8,39.4,9.5,-1.537100954055786
3.183480978012085,686580,"Slaten, Justin",2025,4.24,0.292,27.9,34.3,7.8,-1.0565190219879153
3.1888294219970703,543101,"DeSclafani, Anthony",2025,5.12,0.316,25.9,43.1,8.6,-1.9311705780029298
3.1894829273223877,656945,"Scott, Tanner",2025,4.74,0.317,29.5,42.3,9,-1.5505170726776125
3.202679395675659,670955,"Uceta, Edwin",2025,3.79,0.306,35.6,36.6,9.3,-0.5873206043243409
3.204981565475464,641941,"Pagán, Emilio",2025,2.88,0.266,29.2,37,9.1,0.324981565475464
3.2107982635498047,685126,"Eisert, Brandon",2025,4.39,0.314,32,37.1,9.4,-1.179201736450195
3.2156834602355957,660271,"Ohtani, Shohei",2025,2.87,0.25,32.5,30.8,3.4,0.3456834602355956
3.2345566749572754,605452,"Ross, Joe",2025,5.12,0.373,22.4,43.5,11.9,-1.8854433250427247
3.2508676052093506,669276,"Lee, Dylan",2025,3.29,0.268,33.6,33.5,10.2,-0.03913239479064945
3.257594585418701,688138,"Evans, Logan",2025,4.32,0.35,19.4,42.6,10.5,-1.0624054145812991
3.259459972381592,666374,"Brash, Matt",2025,2.47,0.282,30.9,30.6,5.8,0.7894599723815916
3.267200231552124,668933,"Ashcraft, Graham",2025,3.99,0.29,29.8,32.3,4.1,-0.7227997684478762
3.2824368476867676,675911,"Strider, Spencer",2025,4.45,0.341,30.6,42.7,10.6,-1.1675631523132326
3.286803960800171,662253,"Muñoz, Andrés",2025,1.73,0.263,36.5,39.9,6.5,1.556803960800171
3.2894253730773926,696149,"Chandler, Bubba",2025,4.02,0.298,30.3,40.7,9.3,-0.730574626922607
3.293693780899048,621121,"McCullers Jr., Lance",2025,6.51,0.353,25.1,50,11.4,-3.216306219100952
3.324169397354126,656546,"Hoffman, Jeff",2025,4.37,0.301,31.6,39.5,12.8,-1.0458306026458741
3.334569215774536,664208,"Maton, Phil",2025,2.79,0.264,36.2,30.7,3.6,0.5445692157745361
3.3358993530273438,592094,"Adam, Jason",2025,1.93,0.26,33.3,38,7,1.4058993530273438
3.349740743637085,605400,"Nola, Aaron",2025,6.01,0.315,25.2,43.3,9.1,-2.660259256362915
3.3861095905303955,682842,"Uribe, Abner",2025,1.67,0.26,32,34.9,2.9,1.7161095905303956
3.413846492767334,694973,"Skenes, Paul",2025,1.97,0.255,30.1,40.1,5.8,1.443846492767334
3.4144272804260254,657097,"Webb, Jacob",2025,3,0.281,27.6,34.6,5.9,0.4144272804260254
3.428772211074829,656302,"Cease, Dylan",2025,4.55,0.29,33.4,37.5,8.6,-1.1212277889251707
3.430436372756958,660853,"De Los Santos, Enyel",2025,4.36,0.316,30,40.1,8.9,-0.9295636272430423
3.452725410461426,686613,"Brown, Hunter",2025,2.43,0.277,27.8,32.2,5.9,1.0227254104614256
3.453125238418579,682254,"Montgomery, Mason",2025,5.67,0.33,35.8,39,9.3,-2.216874761581421
3.4651832580566406,670329,"Garcia, Rico",2025,3.15,0.28,30.7,42.6,7.4,0.3151832580566407
3.4662721157073975,663460,"Bubic, Kris",2025,2.55,0.278,28.8,39.3,6.6,0.9162721157073976
3.4936952590942383,669093,"Estrada, Jeremiah",2025,3.45,0.26,34.9,39.2,9,0.043695259094238104
3.505847930908203,650893,"Cabrera, Génesis",2025,6.54,0.333,27.1,42.4,11.4,-3.034152069091797
3.507408857345581,641745,"Keller, Brad",2025,2.07,0.262,26.9,30.6,5.8,1.4374088573455812
3.507727861404419,680684,"Hoglund, Gunnar",2025,6.4,0.408,22,45.7,16.2,-2.8922721385955814
3.5272793769836426,689254,"Fluharty, Mason",2025,4.44,0.284,31.9,33.1,7.5,-0.9127206230163578
3.528059959411621,671922,"Smith, Cade",2025,2.93,0.248,34.3,37,4,0.5980599594116209
3.5541582107543945,669854,"Blanco, Ronel",2025,4.1,0.279,32,30.5,8.4,-0.5458417892456051
3.5555758476257324,605130,"Barlow, Scott",2025,4.21,0.323,30.8,30.5,7.3,-0.6544241523742675
3.5570223331451416,690997,"McLean, Nolan",2025,2.06,0.293,28.4,43.4,8,1.4970223331451415
3.582824468612671,808963,"Sasaki, Roki",2025,4.46,0.363,22.1,45.4,11.1,-0.8771755313873291
3.583543062210083,607074,"Rodón, Carlos",2025,3.09,0.286,30.3,38.9,7.5,0.49354306221008315
3.5888679027557373,672282,"Detmers, Reid",2025,3.96,0.296,32.7,42.8,8.2,-0.37113209724426266
3.6020967960357666,592773,"Stanek, Ryne",2025,5.3,0.327,27.8,43.6,10.9,-1.6979032039642332
3.6049177646636963,668881,"Greene, Hunter",2025,2.76,0.273,31.4,45,9.6,0.8449177646636965
3.6117584705352783,689266,"Dodd, Dylan",2025,3.6,0.289,30.9,48,8,0.011758470535278231
3.612210750579834,554430,"Wheeler, Zack",2025,2.71,0.247,31.5,34.1,7.2,0.902210750579834
3.6170501708984375,607192,"Glasnow, Tyler",2025,3.19,0.285,28.2,37.4,7.9,0.42705017089843755
3.6371824741363525,681911,"Vesia, Alex",2025,3.02,0.274,30.7,37.7,10.8,0.6171824741363525
3.638678789138794,666171,"Zeferjahn, Ryan",2025,4.74,0.321,30.3,37.2,10.3,-1.1013212108612063
3.639413595199585,640455,"Manaea, Sean",2025,5.64,0.311,26.8,42.6,8.9,-2.0005864048004147
3.6464662551879883,669456,"Bieber, Shane",2025,3.57,0.328,27.9,48.2,12.3,0.07646625518798844
3.6483359336853027,656876,"Rasmussen, Drew",2025,2.76,0.291,22.2,43.3,6.3,0.888335933685303
3.654115676879883,668678,"Gallen, Zac",2025,4.83,0.32,23.7,43,9.7,-1.1758843231201173
3.65765643119812,665871,"Assad, Javier",2025,3.65,0.339,16.5,40.4,3.5,0.007656431198120206
3.6596617698669434,808967,"Yamamoto, Yoshinobu",2025,2.49,0.259,28.9,39.7,5.7,1.1696617698669431
3.6640334129333496,694819,"Misiorowski, Jacob",2025,4.36,0.288,29.7,37.5,7.9,-0.6959665870666507
3.664811134338379,669373,"Skubal, Tarik",2025,2.21,0.258,32.5,33,8.1,1.454811134338379
3.668564796447754,670912,"Oviedo, Johan",2025,3.57,0.316,29.9,35.3,6.9,0.09856479644775407
3.682055711746216,519242,"Sale, Chris",2025,2.58,0.265,30.1,35.4,6.3,1.1020557117462157
3.684094190597534,596133,"Weaver, Luke",2025,3.62,0.269,31,39.9,8.3,0.06409419059753407
3.691833734512329,628452,"Iglesias, Raisel",2025,3.21,0.277,30.9,34.9,8.6,0.48183373451232914
3.693192720413208,643511,"Rogers, Tyler",2025,1.98,0.256,15.9,33.1,2.1,1.713192720413208
3.7002363204956055,656427,"Flaherty, Jack",2025,4.64,0.31,27.3,43.8,10.3,-0.9397636795043942
3.7025036811828613,695505,"Burns, Chase",2025,4.57,0.291,31.9,45.7,9.5,-0.867496318817139
3.7062032222747803,676395,"Garcia, Robert",2025,2.95,0.304,28.6,34.3,7.9,0.7562032222747801
3.70682954788208,681676,"Fernandez, Ryan",2025,7.71,0.313,32.1,43.8,11.2,-4.00317045211792
3.7121407985687256,820862,"Fermin, José",2025,4.46,0.314,33.1,46.1,13.5,-0.7478592014312744
3.723483085632324,571946,"Miller, Shelby",2025,2.74,0.292,31.7,42.5,8.8,0.983483085632324
3.723919153213501,621053,"Ferguson, Tyler",2025,4.66,0.301,26,31.8,6.5,-0.9360808467864992
3.7343616485595703,678495,"Rodríguez, Randy",2025,1.78,0.251,31.1,36.2,7.8,1.9543616485595703
3.734696865081787,656731,"Megill, Tylor",2025,3.95,0.306,30.7,43.8,6.3,-0.21530313491821307
3.7351531982421875,693433,"Woo, Bryan",2025,2.94,0.274,26.2,41.8,9.1,0.7951531982421876
3.7396910190582275,676979,"Crochet, Garrett",2025,2.59,0.266,29.4,37.3,7.3,1.1496910190582277
3.7488296031951904,642207,"Williams, Devin",2025,4.79,0.272,37.7,35.7,9.3,-1.0411703968048096
3.753173828125,664854,"Helsley, Ryan",2025,4.5,0.31,29.5,41.7,7.4,-0.746826171875
3.761874198913574,641401,"Brogdon, Connor",2025,5.55,0.305,29.3,40.2,12.9,-1.7881258010864256
3.767225980758667,702070,"Cameron, Noah",2025,2.99,0.313,26.6,37.4,6.3,0.7772259807586668
3.7675960063934326,664062,"Gonsolin, Tony",2025,5,0.351,30.3,44.9,11.2,-1.2324039936065674
3.768669605255127,686993,"Sterner, Justin",2025,3.18,0.285,30.8,38.9,9.6,0.5886696052551268
3.769723892211914,552640,"Kittredge, Andrew",2025,3.4,0.261,29.8,44.4,6.8,0.36972389221191415
3.772583484649658,666200,"Luzardo, Jesús",2025,3.92,0.285,30.8,37.1,6.6,-0.14741651535034173
3.773098945617676,676508,"Casparius, Ben",2025,4.64,0.3,27.6,31.9,7.1,-0.8669010543823239
3.778031826019287,677952,"Ashcraft, Braxton",2025,2.71,0.289,26.2,38.5,4.6,1.0680318260192871
3.7803754806518555,701542,"Warren, Will",2025,4.44,0.33,24.6,45.3,10.9,-0.6596245193481449
3.7829091548919678,642100,"Speier, Gabe",2025,2.61,0.247,30.9,40.7,9,1.172909154891968
3.7941949367523193,608331,"Fried, Max",2025,2.86,0.287,26.6,37.2,6.9,0.9341949367523195
3.794987678527832,458677,"Wilson, Justin",2025,3.35,0.296,31.9,35.9,7,0.44498767852783194
3.7955799102783203,594798,"deGrom, Jacob",2025,2.97,0.286,30.2,41.9,9.2,0.8255799102783201
3.8042919635772705,571927,"Matz, Steven",2025,3.05,0.287,18.8,40.5,6.3,0.7542919635772707
3.81363582611084,700241,"McGreevy, Michael",2025,4.42,0.333,19.2,40.1,8.8,-0.6063641738891601
3.8183071613311768,691799,"Taylor, Grant",2025,4.91,0.267,30.7,50,5.7,-1.0916928386688234
3.8190009593963623,666157,"Lodolo, Nick",2025,3.33,0.292,27.5,40.5,8.1,0.48900095939636223
3.819720506668091,693313,"Seymour, Carson",2025,4.75,0.367,21.8,44.8,15.5,-0.9302794933319092
3.826143741607666,543056,"Coulombe, Danny",2025,2.3,0.309,27.7,38.3,5.2,1.5261437416076662
3.8281049728393555,676263,"Dreyer, Jack",2025,2.95,0.257,26.7,39.7,5.3,0.8781049728393553
3.8356056213378906,664192,"Lucchesi, Joey",2025,3.76,0.293,19.6,31.7,6.7,0.07560562133789084
3.844660758972168,543135,"Eovaldi, Nathan",2025,1.73,0.272,27.7,38.5,7.4,2.114660758972168
3.848254919052124,666277,"Soriano, George",2025,8.35,0.403,26,44.3,14.8,-4.501745080947876
3.8485231399536133,642701,"Santana, Dennis",2025,2.18,0.292,27.3,37.4,10.5,1.6685231399536131
3.8498692512512207,676661,"Lazar, Max",2025,4.79,0.371,20.3,52.3,9.8,-0.9401307487487793
3.8602957725524902,594902,"Lively, Ben",2025,3.22,0.332,16.2,44.8,10.4,0.64029577255249
3.863687038421631,489446,"Yates, Kirby",2025,5.23,0.318,35.3,42.6,13,-1.3663129615783696
3.8638949394226074,450203,"Morton, Charlie",2025,5.83,0.333,27.9,43.6,8.6,-1.9661050605773926
3.8644330501556396,571510,"Boyd, Matthew",2025,3.21,0.301,23.1,38,9,0.6544330501556397
3.8703577518463135,669438,"Englert, Mason",2025,3.83,0.318,25.1,46.9,9.4,0.040357751846313406
3.87555193901062,680732,"Burke, Sean",2025,4.22,0.342,25.1,42.7,10.4,-0.34444806098937963
3.8850040435791016,621112,"Blackburn, Paul",2025,6.23,0.31,22.5,35.2,7.8,-2.344995956420899
3.8891830444335938,688642,"Agnos, Zach",2025,6.61,0.384,29.4,44.1,12.7,-2.7208169555664066
3.892650604248047,592662,"Ray, Robbie",2025,3.65,0.3,27.8,44.7,9.6,0.24265060424804696
3.906569719314575,673513,"Matsui, Yuki",2025,3.98,0.313,30.3,37.3,9,-0.07343028068542479
3.912208080291748,678692,"Henriquez, Ronny",2025,2.22,0.27,36,42.5,10.9,1.6922080802917479
3.9129815101623535,664076,"Cleavinger, Garrett",2025,2.35,0.281,36,41.2,5.9,1.5629815101623534
3.9138360023498535,657277,"Webb, Logan",2025,3.22,0.295,24.7,40.2,8.3,0.6938360023498533
3.915386438369751,668941,"Romero, JoJo",2025,2.07,0.291,27,35.1,7.1,1.8453864383697511
3.915689468383789,676961,"Boushley, Caleb",2025,6.02,0.37,20.8,50,11.8,-2.1043105316162105
3.918534755706787,669724,"Hanifee, Brenan",2025,3,0.315,16.1,44.6,6.9,0.9185347557067871
3.922785758972168,620454,"Castillo, José",2025,3.94,0.315,22.6,42.6,5.9,-0.017214241027831978
3.9285695552825928,657585,"Garrett, Reed",2025,3.9,0.292,30.5,40.8,4.8,0.028569555282592862
3.92874813079834,700363,"Smith-Shawver, AJ",2025,3.86,0.379,27.1,50.8,12.5,0.06874813079833997
3.9315390586853027,650556,"Abreu, Bryan",2025,2.28,0.289,41.2,45.5,8.3,1.651539058685303
3.93868088722229,681293,"Arrighetti, Spencer",2025,5.35,0.356,27.4,45.1,8.8,-1.4113191127777096
3.944870710372925,572955,"Johnson, Pierce",2025,3.05,0.297,26.2,42.8,8.8,0.894870710372925
3.945146322250366,641755,"Kinley, Tyler",2025,3.96,0.293,31.2,29.6,7,-0.014853677749633754
3.9491608142852783,680694,"Bradish, Kyle",2025,2.53,0.275,34.8,38.2,8.8,1.4191608142852785
3.950357675552368,702674,"Dana, Caden",2025,6.4,0.339,28.2,39.3,11.2,-2.449642324447632
3.9535694122314453,686752,"Pepiot, Ryan",2025,3.86,0.311,26,42.5,9.7,0.09356941223144544
3.9546549320220947,687765,"Spence, Mitch",2025,5.1,0.363,25.7,42.8,11.9,-1.145345067977905
3.968790054321289,666214,"Wentz, Joey",2025,5.6,0.329,23.5,42.8,9.5,-1.6312099456787106
3.968885898590088,592454,"Kahnle, Tommy",2025,4.43,0.328,25.4,37.3,9.2,-0.4611141014099118
3.97002911567688,801403,"Dollander, Chase",2025,6.52,0.347,22.9,40.5,11.5,-2.5499708843231197
3.9722139835357666,607200,"Fedde, Erick",2025,5.49,0.355,18,42.6,7.9,-1.5177860164642336
3.975670099258423,669020,"Rolison, Ryan",2025,7.02,0.364,17.4,38.5,9.5,-3.0443299007415767
3.9807212352752686,669358,"Baz, Shane",2025,4.87,0.306,25.8,39.4,9.5,-0.8892787647247316
3.996392250061035,670280,"Bednar, David",2025,2.3,0.264,31.1,42.1,9,1.6963922500610353
3.998551368713379,518585,"Cruz, Fernando",2025,3.56,0.288,46.5,38.6,8.9,0.43855136871337885
4.000024318695068,687064,"Young, Brandon",2025,6.24,0.32,21.6,42.2,10.2,-2.239975681304932
4.0007219314575195,656234,"Bird, Jake",2025,5.53,0.305,28.1,42.9,8.4,-1.5292780685424807
4.00364875793457,605177,"Chafin, Andrew",2025,2.41,0.29,27.7,37.5,3.4,1.5936487579345702
4.005010604858398,607455,"Banda, Anthony",2025,3.18,0.296,27.2,38.6,8.8,0.8250106048583983
4.008973598480225,683769,"Gaddis, Hunter",2025,3.11,0.298,32.2,39.1,9.5,0.8989735984802247
4.013157844543457,695549,"Jobe, Jackson",2025,4.22,0.341,24.7,43.3,8.7,-0.20684215545654272
4.013595104217529,800048,"Messick, Parker",2025,2.72,0.274,26,29.8,5.8,1.293595104217529
4.015385150909424,693645,"Schlittler, Cam",2025,2.96,0.315,26.1,40.2,8.2,1.0553851509094239
4.019852638244629,623474,"Herget, Jimmy",2025,2.48,0.284,26.9,39.1,7.3,1.539852638244629
4.021108627319336,687888,"Walter, Brandon",2025,3.35,0.282,24.6,38.6,7.2,0.6711086273193358
4.025345325469971,571760,"Heaney, Andrew",2025,5.52,0.362,19.9,43.6,10.2,-1.4946546745300289
4.026674270629883,573124,"Rogers, Taylor",2025,3.38,0.316,23.2,44.4,9.9,0.6466742706298829
4.027009010314941,642232,"Yarbrough, Ryan",2025,4.36,0.32,26.6,34,6.9,-0.3329909896850589
4.035584926605225,643410,"Leiter Jr., Mark",2025,4.84,0.301,29.1,33.3,5.6,-0.8044150733947752
4.050095081329346,608718,"Suter, Brent",2025,4.52,0.314,21.4,32.9,7.8,-0.46990491867065387
4.050327301025391,700669,"Graceffo, Gordon",2025,6.28,0.326,23.1,53.6,7.2,-2.2296726989746096
4.053071022033691,661563,"Gil, Luis",2025,3.32,0.342,21.5,42.6,8.3,0.7330710220336916
4.056518077850342,678606,"Ferrer, Jose A.",2025,4.48,0.294,24.8,42.2,4.8,-0.42348192214965863
4.064798831939697,806185,"Birdsong, Hayden",2025,4.8,0.334,28.4,46.8,9.6,-0.7352011680603026
4.068341255187988,676106,"Hancock, Emerson",2025,4.9,0.358,20.3,42.5,7.7,-0.8316587448120121
4.069967746734619,680742,"Bowlan, Jonathan",2025,3.86,0.303,33.7,36.8,9.4,0.20996774673461926
4.072405815124512,656557,"Houck, Tanner",2025,8.04,0.376,21.6,46.3,8.1,-3.9675941848754874
4.077329158782959,595928,"Curtiss, John",2025,3.93,0.32,20.4,42.9,8.9,0.14732915878295882
4.082710266113281,506433,"Darvish, Yu",2025,5.38,0.297,23,33,8.9,-1.2972897338867186
4.085731506347656,621244,"Berríos, José",2025,4.17,0.337,22,42.5,11.3,-0.08426849365234368
4.086169719696045,477132,"Kershaw, Clayton",2025,3.36,0.303,24.3,42.1,4.1,0.726169719696045
4.087636947631836,650911,"Sánchez, Cristopher",2025,2.5,0.272,30.4,39.8,5.7,1.587636947631836
4.090662479400635,670036,"Festa, Matt",2025,4.12,0.29,27.3,34,6,-0.02933752059936534
4.094370365142822,661395,"Duran, Jhoan",2025,2.06,0.248,30.8,41.6,4.3,2.034370365142822
4.098278522491455,663687,"Harris, Hogan",2025,3.2,0.305,23,32.6,5.6,0.8982785224914549
4.0985636711120605,685299,"Gordon, Tanner",2025,6.33,0.368,18,41.2,11.4,-2.2314363288879395
4.108938217163086,641329,"Baker, Bryan",2025,4.06,0.311,29.1,48.3,12.6,0.04893821716308633
4.11119270324707,701519,"Adams, Travis",2025,7.49,0.393,25.6,40.6,12.3,-3.37880729675293
4.116833209991455,669372,"Ginn, J.T.",2025,5.08,0.301,28.7,44.5,9.8,-0.963166790008545
4.121687412261963,693855,"Seymour, Ian",2025,3.63,0.308,27,37.8,7.1,0.491687412261963
4.124042510986328,624133,"Suárez, Ranger",2025,3.2,0.278,22.2,31.1,5.5,0.924042510986328
4.1265740394592285,665660,"Alvarado, Elvis",2025,3.19,0.304,33.7,46.8,8.3,0.9365740394592286
4.128389358520508,668964,"Myers, Tobias",2025,3.55,0.324,21.4,44.8,6.7,0.578389358520508
4.129300117492676,607259,"Martinez, Nick",2025,4.45,0.312,19.9,34.5,6.9,-0.3206998825073244
4.129630088806152,680755,"Fisher, Braydon",2025,2.7,0.285,29.9,36.4,7.6,1.4296300888061522
4.130563259124756,690953,"Abel, Mick",2025,6.23,0.346,25.4,49.2,8.5,-2.0994367408752446
4.131468296051025,655889,"Rodríguez, Manuel",2025,2.08,0.274,25.9,41.6,3.4,2.0514682960510253
4.142758846282959,687223,"Palmquist, Carson",2025,8.91,0.379,21,40,14.2,-4.767241153717041
4.147159099578857,679358,"Orze, Eric",2025,3.02,0.297,27,30.2,7.8,1.1271590995788574
4.157163619995117,672578,"Hernández, Carlos",2025,6.23,0.359,26.6,38.6,11.4,-2.0728363800048832
4.168444633483887,641302,"Alexander, Tyler",2025,4.98,0.332,21.5,39.6,5.8,-0.8115553665161137
4.168793678283691,669062,"Miller, Erik",2025,1.5,0.33,30.7,32.5,3.6,2.6687936782836914
4.16945219039917,686218,"Sheehan, Emmet",2025,2.82,0.271,32.9,41.6,10.1,1.34945219039917
4.173365592956543,641927,"Ober, Bailey",2025,5.1,0.323,24.1,39.1,10.9,-0.9266344070434567
4.178813934326172,547973,"Chapman, Aroldis",2025,1.17,0.227,35.8,36.7,5.5,3.008813934326172
4.1801252365112305,669923,"Kirby, George",2025,4.21,0.306,26.7,43.9,8.5,-0.029874763488769496
4.185180187225342,641672,"Hatch, Thomas",2025,5.82,0.338,19.2,38.1,8,-1.6348198127746585
4.185665607452393,622554,"Domínguez, Seranthony",2025,3.16,0.282,33.3,36.8,6.9,1.0256656074523924
4.195223808288574,669302,"Gilbert, Logan",2025,3.44,0.275,32.9,41.7,8.6,0.7552238082885743
4.1962714195251465,608650,"Enns, Dietrich",2025,4.08,0.288,27.2,36,4.4,0.11627141952514641
4.196402549743652,694462,"Waldrep, Hurston",2025,2.88,0.31,28.5,40.3,4,1.3164025497436525
4.199092864990234,622663,"Severino, Luis",2025,4.54,0.331,18.3,41.9,6,-0.34090713500976566
4.199254989624023,701487,"Ohl, Pierson",2025,5.1,0.337,22,39.4,10.1,-0.9007450103759762
4.205533981323242,543243,"Gray, Sonny",2025,4.28,0.306,27.5,40.7,9.8,-0.07446601867675806
4.216365814208984,675848,"Mejia, Juan",2025,3.96,0.27,30.4,34.6,4.9,0.2563658142089844
4.217207431793213,676879,"Ashby, Aaron",2025,2.16,0.276,27,40,3,2.0572074317932127
4.220969200134277,669084,"Hall, DL",2025,3.49,0.294,19.6,28.8,6.3,0.7309692001342771
4.221323490142822,641154,"López, Pablo",2025,2.74,0.309,25.9,35.3,6,1.481323490142822
4.221851825714111,605540,"Woodruff, Brandon",2025,3.2,0.233,27.9,35.9,7.1,1.0218518257141112
4.223991394042969,672782,"Gómez, Yoendrys",2025,5.17,0.347,23.9,37.4,12.3,-0.9460086059570312
4.248715877532959,471911,"Carrasco, Carlos",2025,7.09,0.354,22.5,42.9,10.6,-2.841284122467041
4.253028869628906,682052,"Lopez, Jacob",2025,4.08,0.297,28.3,33.2,6.6,0.17302886962890618
4.25725793838501,669060,"Wilson, Bryse",2025,6.65,0.422,16.7,45.4,10.9,-2.3927420616149906
4.261642932891846,642397,"Soto, Gregory",2025,4.18,0.305,29.9,37.9,4,0.08164293289184599
4.266803741455078,621366,"Borucki, Ryan",2025,4.63,0.341,29.8,38.5,8.3,-0.36319625854492177
4.267963886260986,670970,"Morejon, Adrian",2025,2.08,0.254,23.8,30.7,4,2.1879638862609863
4.271566867828369,621107,"Eflin, Zach",2025,5.93,0.327,20.5,40.6,9.4,-1.6584331321716306
4.274784088134766,806188,"Gibson, Cade",2025,2.63,0.304,22.3,37.5,5.6,1.6447840881347657
4.274918079376221,656457,"Gilbert, Tyler",2025,3.88,0.313,26.2,40.7,10,0.3949180793762208
4.277240753173828,650644,"Civale, Aaron",2025,4.85,0.314,21.8,39.1,9.8,-0.5727592468261715
4.2791876792907715,682847,"Ortiz, Luis",2025,4.36,0.336,28.9,47.7,10.3,-0.08081232070922884
4.279346942901611,434378,"Verlander, Justin",2025,3.85,0.319,24.8,37,8.1,0.42934694290161124
4.2831926345825195,676962,"Brown, Ben",2025,5.92,0.329,28.3,47.3,11.4,-1.6368073654174804
4.285615921020508,686563,"Cannon, Jonathan",2025,5.82,0.354,21.4,45.4,10.7,-1.5343840789794925
4.291119575500488,690916,"Fitts, Richard",2025,5,0.361,25.3,48.5,12.7,-0.7088804244995117
4.29453182220459,672391,"Ort, Kaleb",2025,4.89,0.288,29.2,37.9,7.8,-0.5954681777954098
4.295688629150391,660896,"Alcala, Jorge",2025,6.22,0.327,25.7,37.6,10.9,-1.9243113708496091
4.303462982177734,695445,"Lee, Chase",2025,4.1,0.346,21.1,40.6,13.9,0.20346298217773473
4.30462646484375,596001,"Junis, Jakob",2025,2.97,0.312,22.7,38.6,6.1,1.3346264648437498
4.31164026260376,669199,"Bachar, Lake",2025,3.93,0.327,30.2,41.5,10.6,0.3816402626037596
4.316052436828613,680885,"Schwellenbach, Spencer",2025,3.09,0.294,28.3,41.5,7.5,1.2260524368286134
4.318582534790039,669920,"Alexander, Jason",2025,4.77,0.339,24.6,45.9,8.3,-0.4514174652099605
4.320657730102539,453286,"Scherzer, Max",2025,5.19,0.332,23.6,38.2,12.4,-0.8693422698974613
4.323972702026367,656641,"Latz, Jacob",2025,2.84,0.315,29.4,42.6,6.4,1.4839727020263673
4.325084209442139,681857,"Olson, Reese",2025,3.15,0.313,29.7,44.7,7.4,1.1750842094421388
4.326995372772217,606996,"Hart, Kyle",2025,5.86,0.299,19.9,39.4,7.9,-1.5330046272277835
4.328601360321045,605447,"Romano, Jordan",2025,8.23,0.314,28.7,39.2,10,-3.9013986396789555
4.330233097076416,668909,"Williams, Gavin",2025,3.06,0.321,27.7,44.3,9,1.270233097076416
4.331784248352051,570632,"Ureña, José",2025,4.58,0.389,19.8,40,13,-0.2482157516479493
4.336730003356934,683409,"Chivilli, Angel",2025,7.06,0.357,29.7,42.9,9.9,-2.723269996643066
4.346496105194092,642547,"Peralta, Freddy",2025,2.7,0.289,30.1,34.5,9.3,1.6464961051940916
4.347620964050293,656730,"Megill, Trevor",2025,2.49,0.281,31.4,39.1,7.8,1.8576209640502928
4.3501739501953125,680736,"Wrobleski, Justin",2025,4.32,0.289,24.6,47.8,3.8,0.030173950195312216
4.35061502456665,681347,"Burrows, Mike",2025,3.94,0.322,27,42,10.8,0.41061502456665044
4.353484153747559,673540,"Senga, Kodai",2025,3.02,0.309,27.4,40.6,8,1.3334841537475586
4.354074001312256,677960,"Weathers, Ryan",2025,3.99,0.309,28.8,42.2,9.5,0.36407400131225565
4.362642288208008,592155,"Booser, Cam",2025,5.52,0.326,30,42.5,13.8,-1.1573577117919918
4.363649368286133,702352,"Bivens, Spencer",2025,4,0.314,17,37.3,7.1,0.3636493682861328
4.369568824768066,678368,"Bellozo, Valente",2025,4.65,0.35,20.2,41.4,11.7,-0.28043117523193395
4.372567176818848,573204,"Thielbar, Caleb",2025,2.64,0.247,26.9,31.8,6.6,1.7325671768188475
4.3760600090026855,694477,"Patrick, Chad",2025,3.53,0.306,23.5,42.2,8.1,0.8460600090026857
4.378204822540283,672456,"Montero, Keider",2025,4.37,0.333,19.8,39.4,8.1,0.008204822540283097
4.383454322814941,669211,"Akin, Keegan",2025,3.41,0.333,25.6,41.7,9.7,0.9734543228149413
4.393147945404053,669467,"Pallante, Andre",2025,5.31,0.321,22.3,39.9,6.5,-0.9168520545959469
4.396646976470947,693821,"Elder, Bryce",2025,5.3,0.335,22.5,43.8,7.7,-0.9033530235290526
4.406416416168213,687330,"Kelly, Kevin",2025,5.9,0.381,21.2,52.8,15.7,-1.4935835838317875
4.410461902618408,593974,"Peralta, Wandy",2025,3.14,0.311,29,36.2,6.9,1.270461902618408
4.413688659667969,623352,"Hader, Josh",2025,2.05,0.221,40.5,34.2,8.1,2.363688659667969
4.421234607696533,700249,"Povich, Cade",2025,5.21,0.356,24.2,46.9,11.3,-0.7887653923034668
4.4218292236328125,656550,"Holmes, Grant",2025,3.99,0.329,29.7,41.9,10.1,0.4318292236328123
4.423202991485596,605488,"Springs, Jeffrey",2025,4.11,0.321,26,37.3,8.1,0.3132029914855954
4.423273086547852,640448,"Finnegan, Kyle",2025,3.47,0.278,24.6,42.9,7.8,0.9532730865478514
4.431054592132568,676467,"Gordon, Colton",2025,5.34,0.332,18,40.6,11.5,-0.9089454078674315
4.4341020584106445,676428,"Hurter, Brant",2025,2.43,0.297,26,36.8,3.5,2.0041020584106444
4.45384407043457,805123,"Blubaugh, AJ",2025,1.69,0.28,30,42.3,10.3,2.7638440704345704
4.4558329582214355,676755,"Mattson, Isaac",2025,2.45,0.283,23.2,39.4,6.1,2.0058329582214354
4.456411838531494,641656,"Hamilton, Ian",2025,4.28,0.315,27.8,36,10,0.1764118385314939
4.458631992340088,623437,"Topa, Justin",2025,3.9,0.325,18.1,44.7,5.6,0.558631992340088
4.462959289550781,519151,"Pressly, Ryan",2025,4.35,0.35,17.4,50,6.7,0.1129592895507816
4.4678802490234375,674444,"Cruz, Steven",2025,3.74,0.289,24.3,34.1,5.3,0.7278802490234373
4.471435070037842,663485,"Sands, Cole",2025,4.5,0.306,22.2,41.5,9.9,-0.028564929962158203
4.477343559265137,805673,"Matthews, Zebby",2025,5.56,0.333,27.5,38.8,9.9,-1.082656440734863
4.487682342529297,681982,"Anderson, Grant",2025,3.23,0.3,30.9,38.1,5.2,1.257682342529297
4.493113994598389,687830,"Gipson-Long, Sawyer",2025,7.18,0.377,24.4,39.4,13.1,-2.686886005401611
4.495179176330566,607067,"Rea, Colin",2025,3.95,0.329,22,41,10.3,0.5451791763305662
4.497420310974121,666974,"Cano, Yennier",2025,5.12,0.299,23.5,35.3,4.7,-0.622579689025879
4.501379013061523,683232,"Mears, Nick",2025,3.49,0.325,25,42.9,10.6,1.0113790130615232
4.504688739776611,671131,"Rutledge, Jackson",2025,5.77,0.335,25.3,49.1,9.8,-1.2653112602233882
4.505349636077881,669713,"Wesneski, Hayden",2025,4.5,0.321,23.2,42.1,10.5,0.005349636077880859
4.507501125335693,518876,"Kelly, Merrill",2025,3.52,0.316,24.1,43.5,9.2,0.9875011253356933
4.509077072143555,676282,"Cantillo, Joey",2025,3.21,0.3,29.7,41.8,7.2,1.2990770721435547
4.5115203857421875,677161,"Kelly, Zack",2025,4.58,0.289,23.3,31.4,4.9,-0.06847961425781257
4.517342567443848,663568,"Kolek, Stephen",2025,3.51,0.321,17.7,48,6.1,1.0073425674438479
4.519838333129883,657571,"Ferguson, Caleb",2025,3.58,0.291,21.4,27.7,3.1,0.9398383331298827
4.521787166595459,668820,"Kranick, Max",2025,3.65,0.329,20.7,44.9,9.3,0.8717871665954591
4.521856307983398,657376,"Schmidt, Clarke",2025,3.32,0.272,26.6,35.4,6.6,1.2018563079833986
4.522377014160156,664126,"Fairbanks, Pete",2025,2.83,0.275,26.1,42.8,4.8,1.6923770141601562
4.524277687072754,663623,"Irvin, Jake",2025,5.7,0.36,18.2,47.1,11.9,-1.1757223129272463
4.52891206741333,657649,"Koenig, Jared",2025,2.86,0.263,22.9,34.7,5.1,1.6689120674133302
4.530425548553467,687863,"Hodge, Porter",2025,6.27,0.317,26.7,38.2,9,-1.7395744514465328
4.535943508148193,829272,"Ogasawara, Shinnosuke",2025,6.98,0.355,23.5,41.5,10.6,-2.444056491851807
4.547070026397705,686701,"Bergert, Ryan",2025,3.66,0.322,23.9,36.4,7,0.8870700263977049
4.547694206237793,663559,"Falter, Bailey",2025,4.45,0.34,18.1,45.1,9.5,0.09769420623779279
4.554785251617432,663671,"Enright, Nic",2025,2.03,0.303,26.4,36.1,6,2.524785251617432
4.555803298950195,608566,"Márquez, Germán",2025,6.7,0.366,18.6,48.5,11.1,-2.144196701049805
4.556418418884277,621242,"Díaz, Edwin",2025,1.63,0.247,41.5,39.7,4.6,2.9264184188842775
4.556429386138916,671737,"Bradley, Taj",2025,5.05,0.314,23.6,39.9,7.2,-0.4935706138610838
4.563510894775391,660825,"Bazardo, Eduard",2025,2.52,0.285,19.4,37.1,9.4,2.0435108947753906
4.564394950866699,687473,"Gusto, Ryan",2025,5.67,0.331,23.4,45.7,9.5,-1.1056050491333007
4.570504188537598,690986,"Harrison, Kyle",2025,4.04,0.316,25.9,42.7,6.8,0.5305041885375976
4.5782952308654785,689690,"Jacob, Alek",2025,5.13,0.344,21.3,31.8,7.3,-0.5517047691345214
4.5818562507629395,663941,"Beck, Tristan",2025,4.61,0.326,22.9,38.2,8.7,-0.028143749237060867
4.583189487457275,678022,"Perkins, Jack",2025,4.19,0.297,32.2,35.6,9.6,0.393189487457275
4.585255146026611,675512,"Melton, Troy",2025,2.76,0.297,23.3,49.2,8.6,1.8252551460266115
4.5969319343566895,663767,"Shugart, Chase",2025,3.4,0.332,24.6,38.6,9.1,1.1969319343566895
4.597090244293213,681343,"Smith, Shane",2025,3.81,0.31,27.7,45.4,6.7,0.7870902442932128
4.597569942474365,621051,"Wilson, Steven",2025,3.42,0.302,24.8,36.4,5.5,1.1775699424743653
4.597609043121338,693312,"Nicolas, Kyle",2025,4.74,0.316,29.4,38.9,7.1,-0.14239095687866232
4.60817289352417,677944,"Cecconi, Slade",2025,4.3,0.343,22.5,49.1,12.2,0.3081728935241701
4.6113057136535645,663738,"Lynch IV, Daniel",2025,3.06,0.329,22.3,42.5,8,1.5513057136535644
4.621043682098389,669432,"Rogers, Trevor",2025,1.81,0.288,25.6,48.4,7.6,2.8110436820983886
4.621721267700195,682120,"Herrin, Tim",2025,4.85,0.325,29.4,42.5,5.3,-0.22827873229980433
4.623505592346191,605280,"Holmes, Clay",2025,3.53,0.322,22.1,42.3,6.8,1.0935055923461916
4.633936882019043,592866,"Williams, Trevor",2025,6.21,0.33,19.8,40.7,8.4,-1.576063117980957
4.641993999481201,694335,"Svanson, Matt",2025,1.94,0.275,23.1,35.9,8.5,2.7019939994812012
4.642404079437256,672582,"Zerpa, Angel",2025,4.18,0.311,16.4,43,8.3,0.46240407943725614
4.642666339874268,669387,"Mlodzinski, Carmen",2025,3.55,0.313,23,40.1,6,1.0926663398742678
4.643982410430908,691587,"Pérez, Eury",2025,4.25,0.281,28.4,46.5,9,0.3939824104309082
4.649340629577637,680730,"Parker, Mitchell",2025,5.68,0.37,19.6,50,9.6,-1.030659370422363
4.661399841308594,455119,"Martin, Chris",2025,2.98,0.303,21.8,41,9,1.6813998413085938
4.672724723815918,684007,"Imanaga, Shota",2025,3.73,0.313,24.6,43.5,11.6,0.942724723815918
4.6847758293151855,687134,"Blalock, Bradley",2025,9.36,0.409,15.9,45.9,12.2,-4.675224170684814
4.698957920074463,667297,"Nance, Tommy",2025,1.99,0.306,24.7,45.3,8.1,2.7089579200744627
4.701144695281982,676617,"O'Brien, Riley",2025,2.06,0.298,24.6,34.4,3.2,2.6411446952819824
4.705702781677246,656271,"Burke, Brock",2025,3.36,0.303,23.4,40.8,7.1,1.3457027816772462
4.716320514678955,622503,"Crismatt, Nabil",2025,3.71,0.331,23.8,29.7,5.1,1.0063205146789551
4.718246936798096,667755,"Soriano, José",2025,4.26,0.312,27,48.2,7.2,0.4582469367980959
4.724123477935791,666661,"Morillo, Juan",2025,4.19,0.301,26.6,42.1,5.3,0.5341234779357906
4.728424549102783,647336,"Soroka, Michael",2025,4.52,0.293,23.7,40.4,6.7,0.20842454910278363
4.733641147613525,669022,"Gore, MacKenzie",2025,4.17,0.322,29.7,44.1,10.6,0.5636411476135255
4.735723972320557,686973,"Varland, Louis",2025,2.97,0.311,27.1,43.7,9.1,1.7657239723205564
4.739150524139404,668390,"Winn, Cole",2025,1.51,0.318,22.9,48.1,10.4,3.2291505241394045
4.744821548461914,682990,"Priester, Quinn",2025,3.32,0.298,24.5,39.4,7.3,1.4248215484619142
4.745365142822266,663423,"Thornton, Trent",2025,4.68,0.339,20.6,42.3,6.9,0.06536514282226591
4.752486228942871,606160,"Montero, Rafael",2025,4.48,0.295,29.3,38.6,7,0.27248622894287067
4.757872581481934,669711,"Weissert, Greg",2025,2.82,0.289,22.4,38.6,7.6,1.9378725814819338
4.757898807525635,573186,"Stroman, Marcus",2025,6.23,0.368,19.2,49.6,10.7,-1.4721011924743657
4.769498825073242,605288,"Houser, Adrian",2025,3.31,0.312,18.1,47.6,6.1,1.4594988250732421
4.772522449493408,664299,"Javier, Cristian",2025,4.62,0.286,24,38.3,6.5,0.1525224494934081
4.774857997894287,663465,"Allard, Kolby",2025,2.63,0.286,19.6,35.9,5.7,2.144857997894287
4.778492450714111,547184,"Kelly, Michael",2025,3.18,0.338,22.2,35.9,10.3,1.5984924507141112
4.779974937438965,687911,"King, Bryan",2025,2.78,0.274,24.4,36.1,5.8,1.999974937438965
4.787557601928711,500779,"Quintana, Jose",2025,3.96,0.349,18.4,41.7,9.7,0.827557601928711
4.790387153625488,668984,"Legumina, Casey",2025,5.62,0.304,24.6,43.8,8.8,-0.8296128463745118
4.791212558746338,668674,"Erceg, Lucas",2025,2.64,0.305,24.7,37.4,7.3,2.1512125587463378
4.797806739807129,671212,"Boyle, Joe",2025,4.67,0.312,29,46,10.2,0.12780673980712898
4.80025053024292,623211,"Brazobán, Huascar",2025,3.57,0.309,23.9,34.5,8,1.23025053024292
4.801808834075928,663969,"Phillips, Tyler",2025,2.78,0.298,27.3,43.4,5.1,2.021808834075928
4.8084516525268555,593423,"Montas, Frankie",2025,6.28,0.353,23.8,40.5,11.5,-1.4715483474731448
4.811129570007324,663158,"Suarez, Robert",2025,2.97,0.298,24,42.6,9.1,1.841129570007324
4.812953948974609,657746,"Ryan, Joe",2025,3.42,0.289,26.1,41.9,11.5,1.3929539489746094
4.816411018371582,542881,"Anderson, Tyler",2025,4.56,0.345,25,36.6,11,0.2564110183715824
4.821228981018066,657044,"Thompson, Ryan",2025,3.92,0.296,25.3,40.3,8.1,0.9012289810180665
4.825178146362305,608372,"Sugano, Tomoyuki",2025,4.64,0.366,18.5,39.8,11.8,0.185178146362305
4.831204891204834,571578,"Corbin, Patrick",2025,4.4,0.336,26.9,40.4,8.4,0.43120489120483363
4.834567546844482,806960,"Morales, Luis",2025,3.14,0.325,23.5,41.6,10.9,1.6945675468444823
4.835273265838623,684320,"Rodríguez, Yariel",2025,3.08,0.317,27.5,35.9,9.4,1.755273265838623
4.840826988220215,669684,"Murphy, Chris",2025,3.12,0.311,26.5,46.2,7.5,1.7208269882202147
4.844890594482422,667463,"King, John",2025,4.66,0.337,19.9,43.3,5,0.18489059448242173
4.851216793060303,519141,"Pomeranz, Drew",2025,2.17,0.291,24.5,42.9,8.7,2.681216793060303
4.855898380279541,681517,"Leahy, Kyle",2025,3.07,0.326,23.1,44.1,9.8,1.7858983802795412
4.856919288635254,694297,"Pfaadt, Brandon",2025,5.25,0.352,22.1,45.8,10.9,-0.3930807113647461
4.8631744384765625,663436,"Martin, Davis",2025,4.1,0.347,21.6,44.6,9.7,0.7631744384765629
4.8683342933654785,678024,"Vasil, Mike",2025,2.5,0.312,24,38.2,7.1,2.3683342933654785
4.869828224182129,677958,"Rocker, Kumar",2025,5.74,0.364,24.9,47.5,11.8,-0.8701717758178713
4.87057638168335,663372,"Feltner, Ryan",2025,4.75,0.284,26.5,35.7,4.1,0.12057638168334961
4.8733320236206055,680767,"Vodnik, Victor",2025,3.02,0.317,26.5,48.6,8.6,1.8533320236206055
4.878152370452881,694037,"Palencia, Daniel",2025,2.91,0.282,27.5,48.5,4.4,1.9681523704528807
4.880858421325684,689147,"Kerkering, Orion",2025,3.3,0.298,23.7,33.5,6.5,1.5808584213256838
4.888655662536621,607481,"Bummer, Aaron",2025,3.81,0.318,22.9,39.1,3.2,1.078655662536621
4.889547348022461,670102,"Francis, Bowden",2025,6.05,0.373,23.3,52.2,12.4,-1.1604526519775389
4.902501106262207,663399,"Waddell, Brandon",2025,3.45,0.36,20.6,40,10,1.4525011062622069
4.902822017669678,641816,"Mahle, Tyler",2025,2.18,0.319,23.2,37.1,8,2.7228220176696776
4.902929306030273,683627,"Molina, Anthony",2025,7.27,0.405,24.2,54,11.1,-2.367070693969726
4.909355640411377,676083,"Junk, Janson",2025,4.17,0.326,18.2,47.3,8.5,0.739355640411377
4.913108825683594,676917,"Cavalli, Cade",2025,4.25,0.316,27.9,41.8,4.4,0.66310882568359375
4.915578365325928,694738,"Roupp, Landen",2025,3.8,0.319,25.2,36.5,8.9,1.115578365325928
4.916839599609375,642152,"Trivino, Lou",2025,3.97,0.346,25.1,30.8,9.6,0.9468395996093748
4.923469543457031,681006,"Simpson, Josh",2025,7.34,0.333,26.1,44.9,6.7,-2.4165304565429686
4.935546875,579328,"Kikuchi, Yusei",2025,3.99,0.327,23.6,42.2,9.4,0.9455468749999998
4.936219692230225,663855,"Hicks, Jordan",2025,6.95,0.331,23.1,45.6,4.7,-2.0137803077697756
4.938523292541504,622608,"Senzatela, Antonio",2025,6.65,0.395,18.1,46,9.2,-1.7114767074584964
4.944680213928223,641778,"Lauer, Eric",2025,3.18,0.306,23.7,41.9,8.1,1.7646802139282225
4.948500633239746,645261,"Alcantara, Sandy",2025,5.36,0.332,20.9,45,8.6,-0.4114993667602542
4.949396133422852,681869,"Dubin, Shawn",2025,5.08,0.302,20.7,40.4,4.8,-0.1306038665771485
4.96622896194458,542888,"Armstrong, Shawn",2025,2.31,0.272,24.4,34.2,7.1,2.65622896194458
4.973320484161377,608032,"Estévez, Carlos",2025,2.45,0.299,19,38.1,10.6,2.5233204841613768
4.97405481338501,676684,"Vest, Will",2025,3.01,0.266,26.7,41.4,4.3,1.96405481338501
4.975773811340332,689017,"Knack, Landon",2025,4.89,0.362,21.6,49.2,15.6,0.08577381134033235
4.979640960693359,596295,"Gomber, Austin",2025,7.49,0.372,15.9,39.5,14.5,-2.510359039306641
4.981105327606201,657514,"Bernardino, Brennan",2025,3.14,0.287,19.3,35.8,7.3,1.841105327606201
4.981913089752197,666808,"Doval, Camilo",2025,3.58,0.297,28.4,40.5,6,1.4019130897521972
4.985300064086914,650633,"King, Michael",2025,3.44,0.32,25.8,38.1,11.4,1.5453000640869141
5.009603500366211,701581,"Festa, David",2025,5.4,0.339,27.4,40.5,11.8,-0.3903964996337894
5.011715412139893,641793,"Littell, Zack",2025,3.81,0.323,20.4,40.9,9.9,1.2017154121398925
5.019114971160889,656849,"Peterson, David",2025,4.22,0.331,24,46,6.4,0.7991149711608889
5.0224528312683105,682243,"Miller, Bryce",2025,5.68,0.351,24.2,48.6,9.3,-0.6575471687316892
5.034092903137207,676130,"Buttó, José",2025,3.9,0.328,28.8,39.8,9.4,1.1340929031372071
5.048051357269287,669160,"May, Dustin",2025,4.96,0.349,20,44.5,9.2,0.08805135726928714
5.04841947555542,681892,"Funderburk, Kody",2025,3.51,0.298,21.4,42.6,4.9,1.5384194755554201
5.04871129989624,621381,"Strahm, Matt",2025,2.74,0.261,23.8,38.4,4.3,2.30871129989624
5.05068826675415,663554,"Mize, Casey",2025,3.87,0.298,24.1,42.5,9.1,1.1806882667541503
5.056805610656738,669371,"Henry, Cole",2025,4.27,0.327,25.6,37,7.5,0.7868056106567387
5.064674377441406,669622,"Bender, Anthony",2025,2.16,0.294,20.6,44.6,7.2,2.904674377441406
5.066057205200195,621383,"Banks, Tanner",2025,3.07,0.303,21.9,36.8,7.8,1.9960572052001955
5.071773529052734,676440,"Bibee, Tanner",2025,4.24,0.297,23.8,36.6,8,0.8317735290527342
5.087196350097656,663903,"Singer, Brady",2025,4.03,0.32,24,40.7,9.4,1.057196350097656
5.092984676361084,656240,"Blewett, Scott",2025,5.48,0.333,27.6,50,11.4,-0.38701532363891644
5.103569984436035,657424,"Gage, Matt",2025,3.19,0.272,23.1,33.3,3.1,1.9135699844360352
5.134471893310547,670990,"Ramírez, Yohan",2025,5.4,0.328,25.8,45.6,13.3,-0.2655281066894535
5.148448944091797,678226,"Hernández, Daysbel",2025,3.41,0.318,29.2,37.4,9.1,1.7384489440917967
5.163175582885742,657612,"Hill, Tim",2025,3.09,0.288,16.4,45.1,7.9,2.0731755828857423
5.167423725128174,669674,"Long, Sam",2025,5.36,0.342,19.1,42.4,8.3,-0.1925762748718265
5.172820091247559,656794,"Newcomb, Sean",2025,2.73,0.306,21.4,41.8,5.7,2.4428200912475586
5.191163539886475,665795,"Cabrera, Edward",2025,3.53,0.312,29.4,46.4,8.6,1.6611635398864748
5.19476842880249,695418,"Lord, Brad",2025,4.34,0.335,21.3,41.8,7.1,0.8547684288024904
5.197423934936523,683004,"Leiter, Jack",2025,3.86,0.326,24.3,43.9,10.8,1.3374239349365236
5.212360858917236,608337,"Giolito, Lucas",2025,3.41,0.345,22.9,41.1,9,1.8023608589172362
5.2142205238342285,663574,"Santillan, Tony",2025,2.44,0.322,27,45.5,8.4,2.7742205238342286
5.220767974853516,607625,"Lugo, Seth",2025,4.15,0.349,20.6,45.2,11.1,1.0707679748535153
5.221006870269775,676664,"Sears, JP",2025,5.04,0.319,21.6,39.4,9.4,0.18100687026977536
5.228565692901611,690990,"Horton, Cade",2025,2.67,0.306,25.8,41.3,10,2.5585656929016114
5.25828218460083,592791,"Taillon, Jameson",2025,3.68,0.305,20.8,38.3,8.1,1.57828218460083
5.258553504943848,690928,"Dobbins, Hunter",2025,4.13,0.309,21.9,41.7,6.8,1.1285535049438478
5.25989294052124,678020,"Halvorsen, Seth",2025,4.99,0.324,29.4,39.7,9.5,0.26989294052124
5.274819850921631,664199,"Clarke, Taylor",2025,3.25,0.298,23.3,40.8,7.9,2.024819850921631
5.2789435386657715,656288,"Canning, Griffin",2025,3.77,0.334,25.5,45.7,9.4,1.5089435386657715
5.28028678894043,592332,"Gausman, Kevin",2025,3.59,0.301,26.4,41.4,8.5,1.6902867889404298
5.3058319091796875,663947,"Holton, Tyler",2025,3.66,0.303,24.6,37.7,8.2,1.6458319091796874
5.330786228179932,669203,"Burnes, Corbin",2025,2.66,0.306,25.7,41.6,8.1,2.6707862281799315
5.348941326141357,676254,"Walker, Ryan",2025,4.11,0.305,21.6,35.6,5,1.238941326141357
5.374129295349121,688158,"Morgan, David",2025,2.66,0.301,25.5,45.8,7.6,2.714129295349121
5.375385761260986,643338,"Green, Chad",2025,5.56,0.371,22.7,52.9,16.4,-0.18461423873901328
5.383495807647705,592836,"Walker, Taijuan",2025,4.08,0.33,18.5,41.4,7.4,1.303495807647705
5.394599914550781,674370,"Bido, Osvaldo",2025,5.87,0.354,25,40.9,11.8,-0.47540008544921886
5.408252239227295,472610,"García, Luis",2025,3.42,0.327,24.1,48.4,7.5,1.988252239227295
5.409511089324951,623167,"Flexen, Chris",2025,3.09,0.346,16.7,41.7,9,2.3195110893249513
5.418009281158447,607536,"Freeland, Kyle",2025,4.98,0.342,21,47.3,9.4,0.43800928115844684
5.446286678314209,656222,"Beeks, Jalen",2025,3.77,0.306,27.7,39.5,10.5,1.676286678314209
5.449235916137695,672841,"Vargas, Carlos",2025,3.97,0.299,18.9,35.2,4.9,1.4792359161376951
5.44987154006958,615698,"Quantrill, Cal",2025,6.04,0.366,20.2,44.3,12.4,-0.59012845993042
5.455060958862305,800049,"Mazur, Adam",2025,4.8,0.346,21.8,31.8,8.4,0.6550609588623049
5.481295108795166,445276,"Jansen, Kenley",2025,2.59,0.301,25.8,44.6,8.9,2.891295108795166
5.5477423667907715,680573,"Woods Richardson, Simeon",2025,4.04,0.304,24.1,41.6,11.4,1.5077423667907714
5.558137893676758,663978,"Paddack, Chris",2025,5.35,0.344,20.7,45.6,10.2,0.20813789367675817
5.562778949737549,669461,"Liberatore, Matthew",2025,4.21,0.34,20.2,41.1,10.6,1.3527789497375489
5.5994415283203125,593958,"Rodriguez, Eduardo",2025,5.02,0.328,23,35.2,8.2,0.5794415283203129
5.601330280303955,641482,"Cortes, Nestor",2025,6.29,0.395,25,46.2,15.1,-0.688669719696045
5.60398006439209,601713,"Pivetta, Nick",2025,2.87,0.31,24.6,45,10.9,2.7339800643920897
5.607104301452637,656605,"Keller, Mitch",2025,4.19,0.326,20.6,43.8,7.8,1.4171043014526363
5.611115455627441,676534,"Faucher, Calvin",2025,3.28,0.323,23.7,34.3,4.7,2.3311154556274416
5.628315448760986,676974,"Meyer, Max",2025,4.73,0.337,27.4,48.2,9.2,0.8983154487609859
5.678378105163574,571945,"Mikolas, Miles",2025,4.84,0.351,16.5,41.8,12.7,0.8383781051635744
5.694293022155762,681190,"Vásquez, Randy",2025,3.84,0.354,15.7,39.3,10.9,1.8542930221557619
5.741677761077881,543294,"Hendricks, Kyle",2025,4.76,0.308,18.3,34.3,8.3,0.9816777610778811
5.746600151062012,663765,"Woodford, Jake",2025,6.44,0.345,16.4,33.6,6.9,-0.6933998489379887
5.83214807510376,527048,"Pérez, Martín",2025,3.54,0.354,20.9,39.4,15,2.2921480751037597
5.841967582702637,547179,"Lorenzen, Michael",2025,4.64,0.331,23.4,39.2,8.8,1.201967582702637
5.8581061363220215,671096,"Abbott, Andrew",2025,2.87,0.294,24,33.7,8,2.9881061363220214
5.929773330688477,571948,"Milner, Hoby",2025,3.84,0.303,15.5,36.8,9,2.0897733306884767
5.949533462524414,670167,"Schreiber, John",2025,3.8,0.311,23.4,38.3,9.3,2.1495334625244142
5.963467121124268,592426,"Jackson, Luke",2025,4.06,0.321,22.7,44,6.7,1.903467121124268
5.9659247398376465,622491,"Castillo, Luis",2025,3.54,0.312,24.6,46.4,10.4,2.4259247398376464
5.978210926055908,678394,"Bello, Brayan",2025,3.35,0.327,20.1,39.3,7.1,2.628210926055908
5.997250556945801,660787,"De los Santos, Yerry",2025,3.28,0.325,22.7,41.2,5.3,2.717250556945801
6.02474308013916,669194,"Nelson, Ryne",2025,3.39,0.308,21.6,45.5,7.5,2.63474308013916
6.037866592407227,621111,"Buehler, Walker",2025,4.93,0.355,19.2,37.8,9.5,1.1078665924072268
6.107120037078857,671106,"Allen, Logan",2025,4.25,0.326,20.6,37.5,9.1,1.8571200370788574
6.309833526611328,608379,"Wacha, Michael",2025,3.86,0.317,21.3,34.6,7.4,2.4498335266113282
6.3368401527404785,664285,"Valdez, Framber",2025,3.66,0.303,26.6,46.3,6.7,2.6768401527404784
6.625711917877197,605135,"Bassitt, Chris",2025,3.96,0.316,23.3,36.6,8.5,2.6657119178771973
6.630788803100586,686799,"Kochanowicz, Jack",2025,6.81,0.368,20.8,49.6,9.3,-0.17921119689941367
7.388278007507324,665152,"Kremer, Dean",2025,4.19,0.304,22.9,35.8,8.5,3.198278007507324
